FlowPixUiBuryMsg,"9.138.70.184
11.177.107.135
11.188.138.245
11.177.107.13
11.177.107.14
11.177.107.121
11.188.140.11
11.177.107.15
11.177.107.95
11.177.107.103
9.138.64.27
9.138.70.253
9.138.64.39
100.77.35.33
9.138.70.104
9.4.13.3
9.138.64.159", ,8638837
FlowUserTrackGetOpenid,"11.177.107.103
11.177.107.14
11.177.107.13
9.138.70.184
11.188.138.245
11.177.107.121
11.177.107.15
11.177.107.95
11.188.140.11
11.177.107.135
100.77.35.33
9.4.13.3
9.138.64.39
9.138.70.104
9.138.70.253
9.138.64.27
9.138.64.159", ,7859163
FlowKfConfigJfWapSensitive,"11.177.106.26
11.177.106.25
11.177.107.2
11.177.107.3
11.177.107.12
10.165.0.34
11.177.106.12
11.177.107.49
9.138.64.234
9.37.136.190
11.177.107.9
11.177.107.10
9.138.64.30
9.56.20.29", ,4134195
FlowAPPFAQJump,"11.177.107.95
9.138.70.184
11.177.107.13
11.177.107.103
11.177.107.15
11.177.107.121
11.188.140.11
11.177.107.135
11.188.138.245
11.177.107.14
9.138.70.253
9.138.64.27
9.138.64.39
9.138.70.104
100.77.35.33
9.4.13.3
9.138.64.159", ,3665302
FlowAPPSaveProblemInfo,"11.177.107.15
11.177.107.95
11.177.107.121
11.177.107.14
9.138.70.184
11.188.138.245
11.188.140.11
11.177.107.135
11.177.107.13
11.177.107.103
9.138.70.253
9.4.13.3
9.138.64.39
9.138.64.27
100.77.35.33
9.138.70.104
10.165.0.34", ,3630368
FlowIPOAppendTaskKG,100.77.9.203, ,2959418
FlowIPODealListTaskKG,100.77.9.203, ,2957873
FlowWXClearOverTask,11.177.107.4, ,2154237
FlowWXGetUserOpenid,"11.177.107.13
11.177.107.14
11.177.107.15
11.177.107.103
11.188.140.11
11.188.138.245
11.177.107.135
11.177.107.95
11.177.107.121
9.138.70.184
9.4.13.3
9.138.64.27
100.77.35.33
9.138.64.39
9.138.70.104
9.138.70.253", ,2140647
FlowWXGetTempSessionInfo,"11.188.140.11
11.177.107.14
9.138.70.184
11.188.138.245
11.177.107.13
11.177.107.121
11.177.107.103
11.177.107.95
11.177.107.15
11.177.107.135
9.138.64.27
9.138.70.104
9.4.13.3
100.77.35.33
9.138.64.39
9.138.70.253
9.138.64.159", ,2054343
FlowmGetUserInfo,"11.177.107.95
11.177.107.103
11.188.140.11
9.138.70.184
11.177.107.15
11.177.107.135
11.188.138.245
11.177.107.121
11.177.107.13
11.177.107.14
9.138.70.104
9.138.70.253
9.138.64.27
9.4.13.3
100.77.35.33
9.138.64.39
9.138.64.159", ,1944146
FlowPixUiProProgramDesOpenid,"11.177.107.95
11.177.107.15
11.177.107.135
11.177.107.121
9.138.70.184
11.188.140.11
11.177.107.103
11.177.107.13
11.188.138.245
11.177.107.14
9.138.64.39
9.4.13.3
9.138.70.253
9.138.70.104
100.77.35.33
9.138.64.27
9.138.64.159", ,1740580
FlowPixUiUserTrackToKfOpenid,"11.177.107.121
11.177.107.95
11.177.107.135
11.177.107.103
11.188.140.11
11.177.107.14
9.138.70.184
11.177.107.15
11.188.138.245
11.177.107.13
9.138.70.104
9.138.64.39
9.138.70.253
100.77.35.33
9.138.64.27
9.4.13.3", ,1709617
Flow2KBMS,"100.97.6.236
9.138.64.34
100.97.7.158
9.4.13.3
100.77.35.33
9.138.64.38
11.177.107.6
9.138.64.45
11.177.107.4
9.138.70.203
9.46.36.171
9.138.64.20
11.177.107.37
11.177.107.10
11.177.107.20
11.177.106.12
11.177.107.9
11.177.107.49
9.138.64.36
9.138.64.163
9.138.64.173
100.77.9.198
9.138.64.30
9.138.70.195
9.138.70.166
9.138.64.171
11.177.107.21
11.177.107.24
9.138.70.167
11.177.107.39
11.177.107.41
11.177.107.43
9.138.64.253
11.177.107.40
11.177.107.42
9.138.64.69
11.177.107.25
9.4.13.39
9.138.70.9
11.177.106.56
11.177.106.25
11.177.106.51
11.177.106.26
11.177.107.5
9.4.13.40
9.138.70.62
9.138.64.37
9.138.64.189", ,1600331
FlowWxGetNickNameAndHeadImage,"11.177.107.103
11.177.107.135
11.177.107.15
11.188.140.11
11.188.138.245
11.177.107.14
11.177.107.13
11.177.107.121
11.177.107.95
9.138.70.184
100.77.35.33
9.138.70.104
9.138.64.27
9.138.70.253
9.4.13.3
9.138.64.39", ,1597568
FlowWXHallReadFlag,"11.188.140.11
9.138.70.184
11.177.107.95
11.177.107.135
11.177.107.13
11.177.107.15
11.177.107.103
11.188.138.245
11.177.107.14
11.177.107.121
9.138.70.104
9.4.13.3
9.138.70.253
100.77.35.33
9.138.64.27
9.138.64.39", ,1583168
FlowPixUiGetHeadInfo,"11.177.107.14
11.188.140.11
11.177.107.121
11.177.107.135
9.138.70.184
11.177.107.15
11.177.107.13
11.177.107.103
11.177.107.95
11.188.138.245
9.138.70.104
100.77.35.33
9.138.64.27
9.4.13.3
9.138.64.39
9.138.70.253
9.138.64.159", ,1382377
FlowPixUiBeCallXinYueVip,"11.177.106.12
11.177.107.49", ,1380216
FlowWXKFWPUserInfo,"9.56.19.33
11.177.106.21
11.177.106.9", ,1041451
FlowPixUiAcntcreditValueChgJudge,"11.177.107.13
11.188.140.11
11.177.107.15
11.177.107.95
11.188.138.245
11.177.107.135
11.177.107.14
11.177.107.103
11.177.107.121
9.138.70.184
9.138.70.104
9.138.64.27
9.138.70.253
9.4.13.3
100.77.35.33
9.138.64.39", ,990519
FlowWXKFWPTimeOut,"9.56.19.33
11.177.106.21
11.177.106.9", ,941931
FlowBecallKFMiniCheckLogin,"11.177.107.16
11.177.107.17
9.138.70.9
9.138.70.195
11.177.107.9
11.177.107.10
9.138.70.166
11.177.107.21
11.177.107.39
11.177.107.43
9.138.64.69
11.177.107.40
11.177.107.25
9.138.70.167
9.138.64.171
11.177.107.41
11.177.107.42
11.177.107.24
9.138.64.253
9.138.64.30
9.138.64.189", ,909164
FlowWxPredictionV3,"9.138.70.184
11.177.107.135
11.177.107.121
11.177.107.95
11.188.140.11
11.177.107.103
11.177.107.13
11.177.107.15
11.188.138.245
11.177.107.14
9.138.64.27
9.138.70.253
9.138.64.39
100.77.35.33
9.138.70.104
9.4.13.3", ,846254
FlowAICheckSyncInfo,"100.97.6.236
100.97.7.158
11.177.107.20
9.138.64.30
9.138.70.203
100.77.24.198
9.46.36.171", ,771298
FlowGetInnerGameVip,"100.97.6.236
100.97.7.158
9.138.70.203
9.46.36.171
11.177.107.20
9.138.64.173
9.138.64.30
11.177.107.27
11.177.107.31", ,688337
FlowMiniServeList,"11.177.107.95
9.138.70.184
11.188.140.11
11.177.107.135
11.177.107.14
11.177.107.103
11.177.107.13
11.188.138.245
11.177.107.121
11.177.107.15
9.138.70.104
9.138.64.39
9.138.70.253
9.4.13.3
9.138.64.27
100.77.35.33
9.138.64.159", ,682248
FlowCheckAuthState,"11.177.107.95
11.188.140.11
11.177.107.135
9.138.70.184
11.177.107.121
11.177.107.103
11.177.107.14
11.177.107.13
11.188.138.245
11.177.107.15
9.4.13.3
100.77.35.33
9.138.64.27
9.138.70.104
9.138.64.39
9.138.70.253
9.138.64.159", ,669328
FlowH5PayStrategyMessage,"11.177.107.103
11.188.138.245
11.177.107.15
11.177.107.121
11.177.107.14
11.177.107.95
11.188.140.11
11.177.107.13
11.177.107.135
9.138.70.184
100.77.35.33
9.138.70.253
9.4.13.3
9.138.70.104
9.138.64.27
9.138.64.39", ,642908
FlowH5ReportUserInfo,"11.177.107.121
11.188.140.11
11.188.138.245
11.177.107.13
11.177.107.135
11.177.107.15
9.138.70.184
11.177.107.14
11.177.107.95
11.177.107.103
9.138.64.39
9.138.64.27
9.138.70.104
9.138.70.253
9.4.13.3
100.77.35.33
9.138.64.159", ,587440
FlowBeCallJudgeGameVip,"100.97.6.236
100.97.7.158
9.138.64.30", ,574016
FlowMiniProgramOpenid,"11.177.107.95
11.177.107.14
11.188.138.245
11.177.107.13
11.177.107.15
11.177.107.103
11.177.107.121
11.188.140.11
11.177.107.135
9.138.70.184
9.138.70.253
9.138.64.27
9.138.70.104
9.138.64.39
9.4.13.3
100.77.35.33
9.138.64.159", ,558739
FlowBecallMiniUserInfo,"9.138.70.166
11.177.107.9
11.177.107.21
11.177.107.43
11.177.107.10
11.177.107.39
11.177.107.25
11.177.107.41
9.138.64.171
11.177.107.40
11.177.107.42
9.138.64.69
11.177.107.24
9.138.70.167
9.138.64.253
9.138.64.30
9.138.64.189", ,558702
FlowBeCallGetNickAndHeadFromSSDBNew,"11.177.107.43
9.138.70.166
11.177.107.21
11.177.107.39
9.138.64.163
9.138.64.171
9.138.64.173
11.177.107.41
11.177.107.25
11.177.107.40
9.138.64.69
9.138.70.167
11.177.107.24
11.177.107.42
9.138.64.253
9.138.64.189", ,548554
FlowWXKFWPTimeOutNew,"9.56.19.33
11.177.106.21
11.177.106.9", ,472738
FlowBeCallBanFAQJump,"9.138.70.9
9.138.70.195
11.177.107.17
11.177.107.16
9.138.70.166
11.177.107.39
11.177.107.21
9.138.70.167
9.138.64.171
11.177.107.40
11.177.107.43
11.177.107.25
9.138.64.69
11.177.107.41
11.177.107.42
11.177.107.24
9.138.64.253
9.138.64.30
9.138.64.189", ,449321
FlowKingGlorySelfTool,"11.177.107.121
11.177.107.15
11.177.107.14
11.177.107.13
9.138.70.184
11.188.140.11
11.188.138.245
11.177.107.95
11.177.107.135
11.177.107.103
9.138.64.39
9.138.64.27
9.138.70.104
9.4.13.3
9.138.70.253
100.77.35.33
11.177.107.9
11.177.107.10", ,447337
FlowMiniLogReport,"9.138.70.184
11.177.107.14
11.188.138.245
11.188.140.11
11.177.107.103
11.177.107.95
11.177.107.121
11.177.107.135
11.177.107.15
11.177.107.13
9.4.13.3
9.138.64.39
9.138.70.104
9.138.70.253
9.138.64.27
100.77.35.33
9.138.64.159", ,440710
FlowAPPServeList,"11.188.138.245
11.177.107.121
11.177.107.13
11.177.107.135
11.177.107.15
11.177.107.103
11.188.140.11
11.177.107.14
11.177.107.95
9.138.70.184
9.138.70.253
9.138.64.27
100.77.35.33
9.4.13.3
9.138.70.104
9.138.64.39
9.138.64.159", ,373631
FlowQQMiniProgramOpenid,"11.177.107.103
11.177.107.13
11.177.107.135
11.177.107.15
11.188.138.245
11.177.107.121
11.188.140.11
9.138.70.184
11.177.107.14
11.177.107.95
9.138.64.39
100.77.35.33
9.138.70.253
9.4.13.3
9.138.64.27
9.138.70.104
9.138.64.159", ,373284
FlowBeCallQQMiniUserInfo,"9.138.70.166
11.177.107.21
11.177.107.41
11.177.107.9
11.177.107.25
11.177.107.43
11.177.107.39
9.138.64.171
11.177.107.10
11.177.107.40
9.138.64.69
9.138.70.167
11.177.107.24
11.177.107.42
9.138.64.253
9.138.64.189
9.138.64.30", ,371250
FlowH5KFPayDataCenter,"9.138.70.184
11.177.107.14
11.177.107.13
11.177.107.135
11.177.107.103
11.188.138.245
11.177.107.15
11.188.140.11
11.177.107.121
11.177.107.95
9.138.70.253
100.77.35.33
9.4.13.3
9.138.64.39
9.138.64.27
9.138.70.104
9.138.64.159", ,363030
FlowWXTaskInfo,"11.177.107.95
11.188.140.11
11.188.138.245
11.177.107.103
11.177.107.15
11.177.107.135
11.177.107.13
9.138.70.184
11.177.107.14
11.177.107.121
9.138.64.27
100.77.35.33
9.138.64.39
9.4.13.3
9.138.70.104
9.138.70.253
9.138.64.159", ,359388
FlowMsgNotify,"9.4.13.39
9.4.13.40", ,301398
FlowTransferInfo,"11.177.107.14
11.177.107.121
9.138.70.184
11.177.107.135
11.177.107.95
11.188.138.245
11.177.107.103
11.188.140.11
11.177.107.13
11.177.107.15
9.138.70.104
9.4.13.3
100.77.35.33
9.138.70.253
9.138.64.27
9.138.64.39", ,293395
FlowQQMiniTBTxx,"11.177.107.13
11.177.107.15
11.177.107.135
11.188.138.245
11.177.107.121
9.138.70.184
11.188.140.11
11.177.107.14
11.177.107.95
11.177.107.103
100.77.35.33
9.138.64.39
9.138.70.253
9.138.70.104
9.138.64.27
9.4.13.3", ,281790
FlowPixUiGetHomeIndex,"9.138.70.184
11.188.138.245
11.177.107.135
11.177.107.95
11.177.107.14
11.177.107.13
11.188.140.11
11.177.107.15
11.177.107.121
11.177.107.103
100.77.35.33
9.4.13.3
9.138.64.27
9.138.70.253
9.138.70.104
9.138.64.39
9.138.64.159", ,265330
FlowMiniTaskInfo,"11.177.107.13
11.177.107.135
11.177.107.121
11.177.107.103
11.177.107.95
11.177.107.14
11.188.138.245
11.177.107.15
11.188.140.11
9.138.70.184
9.138.64.39
9.138.70.253
9.4.13.3
9.138.70.104
100.77.35.33
9.138.64.27
9.138.64.159", ,257318
FlowBeCallIVRGroupVip,"9.138.64.173
9.138.64.163
9.138.64.30", ,238808
FlowBeCallXinYueVip,"9.138.64.173
9.138.64.163
9.138.64.30", ,238784
FlowAI2YZFDialogSee,"100.97.6.236
100.97.7.158
11.177.107.4
11.177.107.5
11.177.107.20
9.138.64.30
9.138.70.203
9.46.36.171", ,238657
FlowKfAuthReCheck,"9.4.13.39
9.4.13.40", ,234755
FlowGetGroupVip,"9.138.70.184
11.177.107.95
11.177.107.13
11.188.140.11
11.177.107.14
11.177.107.135
11.188.138.245
11.177.107.15
11.177.107.103
11.177.107.121
9.138.70.104
9.138.64.39
9.138.70.253
9.138.64.27
100.77.35.33
9.4.13.3
9.138.64.159", ,233599
FlowCommonInterfaceForPc,"11.177.107.135
11.177.107.121
11.177.107.95
11.177.107.15
11.177.107.13
11.188.140.11
11.188.138.245
11.177.107.103
11.177.107.14
9.138.70.184
9.138.64.39
9.4.13.3
9.138.64.27
9.138.70.253
9.138.70.104
100.77.35.33", ,219821
FlowAIDialogSee,"100.97.6.236
100.97.7.158
11.177.107.20
9.138.64.30
9.138.70.203
9.46.36.171", ,217737
FlowKFWPGameVipLevel,"11.177.107.6
9.138.64.18
9.56.19.17
9.138.64.30
11.177.107.5
9.138.64.20", ,216198
FlowQQMiniTBLoadingJudge,"11.177.107.103
9.138.70.184
11.188.140.11
11.177.107.15
11.177.107.121
11.177.107.135
11.177.107.95
11.177.107.14
11.177.107.13
11.188.138.245
100.77.35.33
9.138.64.39
9.138.70.253
9.138.64.27
9.138.70.104
9.4.13.3
9.138.64.159", ,210212
FlowPixUiAcntcreditValueChgSupply,"11.188.140.11
11.188.138.245
11.177.107.135
11.177.107.95
9.138.70.184
11.177.107.14
11.177.107.103
11.177.107.121
11.177.107.15
11.177.107.13
9.138.64.39
9.138.64.27
9.4.13.3
9.138.70.253
9.138.70.104
100.77.35.33", ,199443
FlowYZFCheckRistNew,"9.24.178.239
9.24.179.32
9.56.14.198
9.56.30.159
9.138.70.210
9.138.64.30", ,194611
FlowWXReadFlag,"11.177.107.135
9.138.70.184
11.177.107.103
11.188.138.245
11.177.107.15
11.188.140.11
11.177.107.121
11.177.107.95
11.177.107.13
11.177.107.14
9.4.13.3
9.138.70.104
9.138.64.27
9.138.64.39
100.77.35.33
9.138.70.253", ,187569
FlowWxCheckTaskByFormid,"11.177.107.14
11.177.107.13
11.177.107.103
11.188.138.245
9.138.70.184
11.177.107.135
11.177.107.95
11.177.107.121
11.177.107.15
11.188.140.11
100.77.35.33
9.138.64.39
9.138.70.104
9.138.64.27
9.138.70.253
9.4.13.3
9.138.64.159", ,186531
FlowGetTaskLabel,"9.138.64.18
9.56.19.17
11.177.107.31
11.177.107.27", ,186007
FlowQQRetrievePasswordJump,"11.177.107.17
11.177.107.16", ,175338
FlowBeCallGroupVip,"10.165.0.34
9.56.19.33
11.177.106.21
9.138.64.30", ,154153
FlowVIPCheckUserInfo,"11.177.107.103
11.177.107.121
11.188.140.11
11.188.138.245
11.177.107.13
11.177.107.14
11.177.107.95
9.138.70.184
11.177.107.15
11.177.107.135
100.77.35.33
9.138.70.253
9.138.64.27
9.138.64.39
9.138.70.104
9.4.13.3
9.138.64.159", ,152876
FlowWxPayRecheck,"9.4.13.39
9.4.13.40
9.138.64.38
9.138.64.36", ,152044
FlowAPPCallH5,"100.77.35.33
9.4.13.3", ,151532
FlowWXList,"11.177.107.14
11.177.107.15
11.188.138.245
11.177.107.13
9.138.70.184
11.177.107.103
11.177.107.95
11.177.107.135
11.177.107.121
11.188.140.11
9.138.70.253
100.77.35.33
9.138.70.104
9.138.64.39
9.138.64.27
9.4.13.3
100.77.23.132
100.77.24.198
9.138.64.159", ,150780
FlowPixUiAPPJumpWX,"11.177.107.13
9.138.70.184
11.177.107.121
11.177.107.135
11.188.140.11
11.177.107.14
11.177.107.95
11.188.138.245
11.177.107.15
11.177.107.103
9.138.64.27
9.138.70.104
100.77.35.33
9.138.70.253
9.4.13.3
9.138.64.39", ,148098
FlowKFSecurityCustomerServProxy,"11.177.107.6
11.177.107.17
11.177.107.16
9.138.70.166
11.177.107.21
11.177.107.39
11.177.107.25
9.138.64.171
11.177.107.40
9.138.70.167
11.177.107.43
11.177.107.41
9.138.64.69
11.177.107.42
11.177.107.24
9.138.64.253
11.177.107.9
11.177.107.10
9.138.64.45
9.138.64.30
11.177.107.4
9.138.64.189
11.177.107.27
11.177.107.31", ,142410
FlowQQMiniServeList,"11.177.107.13
9.138.70.184
11.177.107.15
11.177.107.95
11.177.107.135
11.177.107.103
11.188.140.11
11.188.138.245
11.177.107.121
11.177.107.14
9.4.13.3
9.138.70.253
9.138.70.104
100.77.35.33
9.138.64.27
9.138.64.39
9.138.64.159", ,140942
FlowBeCallRelationAdd,9.138.64.163, ,140881
FlowMiniH5FAQJump,"11.188.140.11
11.177.107.121
11.188.138.245
11.177.107.15
11.177.107.95
11.177.107.135
11.177.107.14
11.177.107.13
9.138.70.184
11.177.107.103
100.77.35.33
9.138.70.253
9.138.64.39
9.4.13.3
9.138.64.27
9.138.70.104
9.138.64.159", ,140766
FlowIPOGetTask,"11.177.107.4
9.138.64.30", ,135638
FlowPixUiGetAcntcreditValueChg,"11.188.140.11
11.177.107.13
11.188.138.245
11.177.107.135
11.177.107.14
9.138.70.184
11.177.107.121
11.177.107.103
11.177.107.15
11.177.107.95
100.77.35.33
9.4.13.3
9.138.64.39
9.138.64.27
9.138.70.104
9.138.70.253", ,129020
FlowGameVipAsyncSaveProblemInfo,"11.177.107.13
9.138.70.184
11.188.140.11
11.188.138.245
11.177.107.121
11.177.107.135
11.177.107.15
11.177.107.14
11.177.107.103
11.177.107.95
9.138.70.104
9.138.64.27
9.138.64.39
100.77.35.33
9.138.70.253
9.4.13.3", ,120532
FlowIvrTengAnUserQuery,"11.177.107.6
9.138.64.30
11.177.107.5", ,117878
FlowWXKFWPSetLabel,"9.56.19.33
9.24.179.32
9.24.178.239
11.177.106.21
9.56.14.198
11.177.106.9", ,116174
FlowBeCallYPGetNickAndHead,"9.4.13.3
100.77.35.33
9.138.70.62", ,114978
FlowBecallReportCheckLogin,"11.177.107.10
11.177.107.9", ,111847
FlowReportAntiCheatNum,"9.4.13.3
9.138.64.27
9.138.64.39
100.77.35.33", ,111847
FlowAPPJumpWX,"11.188.140.11
11.177.107.13
9.138.70.184
11.177.107.135
11.177.107.15
11.177.107.103
11.177.107.121
11.188.138.245
11.177.107.95
11.177.107.14
9.4.13.3
9.138.70.104
9.138.64.27
9.138.64.39
100.77.35.33
9.138.70.253", ,107503
FlowKFWPCheckRistNew,"9.56.19.17
9.138.64.18
9.138.64.20", ,107034
FlowFaqSatisfy,"11.177.107.95
11.177.107.121
11.188.140.11
11.177.107.135
11.177.107.15
11.188.138.245
11.177.107.13
11.177.107.103
11.177.107.14
9.138.70.184
9.138.70.104
100.77.35.33
9.138.70.253
9.4.13.3
9.138.64.39
9.138.64.27", ,105785
FlowBeCallAsyncJudgeProDispath,"11.177.106.25
11.177.106.26
11.177.107.16
11.177.107.17
9.138.70.195
9.138.70.9
9.138.64.30", ,100547
FlowIPODealListTask,"11.177.107.4
11.177.107.6
9.138.64.30", ,100412
FlowAICheckHistoryPortrait,"100.97.6.236
100.97.7.158
9.138.64.30", ,100143
FlowWXKFWPSatisfactionSend,"11.177.106.21
9.56.19.33
11.177.106.9", ,99134
FlowSyncWXH5PayRecord,"11.188.138.245
11.177.107.14
11.177.107.13
11.177.107.15
11.188.140.11
11.177.107.95
9.138.70.184
11.177.107.135
11.177.107.103
11.177.107.121
9.4.13.3
9.138.70.253
9.138.64.39
9.138.70.104
9.138.64.27
100.77.35.33", ,98404
FlowKFSecurityComm,"11.177.107.17
11.177.107.16
9.138.70.166
11.177.107.21
11.177.107.39
11.177.107.25
9.138.64.171
11.177.107.40
9.138.70.167
11.177.107.43
11.177.107.41
9.138.64.69
11.177.107.42
11.177.107.24
9.138.64.253
9.138.64.36
9.138.64.38
9.138.64.30
11.177.107.4
9.138.64.189", ,90352
FlowQQMiniTaiBenBanTimeScenes,"11.177.107.15
11.177.107.103
11.188.138.245
11.177.107.13
11.177.107.121
11.177.107.135
11.177.107.95
9.138.70.184
11.177.107.14
11.188.140.11
9.4.13.3
9.138.64.39
9.138.64.27
9.138.70.104
100.77.35.33
9.138.70.253
9.138.64.159", ,88410
FlowReportProDispathJudgeAccount,"11.177.107.6
11.177.107.9", ,88220
FlowIvrSmsSend,"11.177.106.7
11.177.106.6", ,87011
FlowAUDTPayRecordInfo,"11.177.106.25
11.177.106.26
9.138.64.30
11.177.107.27
11.177.107.31", ,83547
FlowWXKFWPSetPath,"9.56.19.33
11.177.107.5
11.177.106.21
11.177.106.9", ,81783
FlowTXSPGetRoomId,"11.177.107.13
11.177.107.103
11.188.138.245
11.177.107.121
9.138.70.184
11.188.140.11
11.177.107.135
11.177.107.95
11.177.107.14
11.177.107.15
9.138.70.104
100.77.35.33
9.4.13.3
9.138.64.39
9.138.70.253
9.138.64.27", ,81679
FlowSatisfyReceive,11.177.106.7, ,80985
FlowWXKFWPFinish,"9.56.19.33
11.177.106.21
11.177.106.9", ,78959
FlowGetTaskRoute,100.77.9.198, ,76033
FlowH5KFWxTaiBenComm,"11.177.107.15
11.177.107.135
9.138.70.184
11.188.140.11
11.177.107.14
11.177.107.13
11.177.107.103
11.188.138.245
11.177.107.121
11.177.107.95
9.138.70.104
9.138.70.253
9.138.64.39
100.77.35.33
9.138.64.27
9.4.13.3", ,75212
FlowBeCallGetRoleNameAndLevel,"9.138.64.163
9.138.64.173", ,73186
FlowPixUiBuryMsgCommon,"11.188.138.245
11.188.140.11
11.177.107.135
11.177.107.103
9.138.70.184
11.177.107.13
11.177.107.14
11.177.107.121
11.177.107.95
11.177.107.15
9.138.70.253
9.138.64.39
9.4.13.3
100.77.35.33
9.138.64.27
9.138.70.104
9.138.64.159", ,68438
FlowPullRoleInfo,"11.177.107.15
11.177.107.103
11.177.107.135
11.177.107.14
11.188.138.245
11.177.107.95
11.188.140.11
9.138.70.184
11.177.107.13
11.177.107.121
100.77.35.33
9.4.13.3
9.138.70.104
9.138.70.253
9.138.64.27
9.138.64.39
9.138.64.159", ,66609
FlowWxPwResetSaveProblem,"11.177.107.17
11.177.107.16", ,60254
FlowBeCallWxPayInfo,"11.177.107.10
11.177.107.9
11.177.107.39
11.177.107.41
11.177.107.43
11.177.107.25
11.177.107.21
9.138.64.163
9.138.64.173
9.138.70.167
11.177.107.24
9.138.70.166
11.177.107.42
9.138.64.171
11.177.107.40
9.138.64.69
9.138.64.253
11.177.107.27
11.177.107.31
9.138.64.189", ,59797
FlowAIUnknownProblemsee,"11.177.107.4
11.177.107.5
9.138.64.20
9.138.64.30", ,58729
FlowReportQQSpamInfo,11.177.107.6, ,57022
FlowMiniH5RoomFaceExempt,"11.177.107.121
11.177.107.103
9.138.70.184
11.188.140.11
11.177.107.95
11.177.107.135
11.177.107.14
11.177.107.13
11.188.138.245
11.177.107.15
9.138.70.253
9.138.64.39
100.77.35.33
9.4.13.3
9.138.70.104
9.138.64.27", ,56755
FlowMiniH5SaveProblemInfo,"11.188.138.245
11.188.140.11
11.177.107.14
11.177.107.15
11.177.107.135
9.138.70.184
11.177.107.13
11.177.107.95
11.177.107.121
11.177.107.103
9.138.64.39
9.138.70.104
100.77.35.33
9.4.13.3
9.138.70.253
9.138.64.27
9.138.64.159", ,55486
FlowPixUiGetPunishRecord,"11.188.140.11
11.177.107.103
11.177.107.135
11.177.107.15
11.188.138.245
11.177.107.121
11.177.107.14
9.138.70.184
11.177.107.13
11.177.107.95
100.77.35.33
9.4.13.3
9.138.70.104
9.138.64.27
9.138.64.39
9.138.70.253", ,54666
FlowTXSPMember,"11.177.107.14
11.188.138.245
9.138.70.184
11.177.107.95
11.177.107.135
11.177.107.13
11.177.107.121
11.188.140.11
11.177.107.103
11.177.107.15
9.138.70.104
9.138.64.27
100.77.35.33
9.138.70.253
9.4.13.3
9.138.64.39", ,50521
FlowXYAHChatAIpredict,"100.77.23.132
100.77.24.198", ,50175
FlowQQProfile,"11.177.107.15
11.177.107.103
9.138.70.184
11.188.138.245
11.177.107.14
11.177.107.95
11.177.107.121
11.188.140.11
11.177.107.13
11.177.107.135
9.138.64.39
9.138.70.253
9.138.64.27
100.77.35.33
9.138.70.104
9.4.13.3", ,49130
FlowBeCallNotifyMsg,"9.4.13.39
9.4.13.40", ,46893
FlowQQGetUserInfo,"9.138.70.184
11.177.107.14
11.177.107.15
11.177.107.121
11.188.140.11
11.177.107.13
11.177.107.135
11.177.107.103
11.188.138.245
11.177.107.95
100.77.35.33
9.138.64.27
9.4.13.3
9.138.64.39
9.138.70.253
9.138.70.104
9.138.64.159", ,44530
FlowWXSurVey,"11.188.138.245
11.177.107.14
9.138.70.184
11.177.107.13
11.177.107.103
11.188.140.11
11.177.107.95
11.177.107.15
11.177.107.135
11.177.107.121
9.4.13.3
100.77.35.33
9.138.70.253
9.138.64.27
9.138.70.104
9.138.64.39", ,42900
FlowBeCallGameHeadNick,"10.165.0.34
11.177.106.12
11.177.107.49
9.138.64.30", ,42308
FlowPixUiSatisfyBack,"11.177.107.135
11.188.138.245
11.177.107.95
11.177.107.121
11.177.107.15
11.177.107.103
9.138.70.184
11.188.140.11
11.177.107.14
11.177.107.13
9.138.64.39
9.138.70.253
9.4.13.3
9.138.70.104
9.138.64.27
100.77.35.33", ,39066
FlowWXZFDTNewPayRecord,"11.177.107.103
9.138.70.184
11.188.138.245
11.177.107.95
11.177.107.14
11.177.107.13
11.177.107.15
11.177.107.135
11.177.107.121
11.188.140.11
9.4.13.3
9.138.70.104
100.77.35.33
9.138.64.39
9.138.70.253
9.138.64.27", ,38422
FlowMiniH5WxFindPassword,"11.177.107.13
9.138.70.184
11.177.107.103
11.177.107.95
11.177.107.14
11.188.140.11
11.177.107.121
11.188.138.245
11.177.107.15
11.177.107.135
9.138.64.27
100.77.35.33
9.138.70.253
9.4.13.3
9.138.70.104
9.138.64.39
9.138.64.159", ,37577
FlowKGInnerSaveProblemInfo,11.177.155.92, ,35180
FlowH5KFPayStrategyMessage,"11.177.107.14
11.177.107.103
11.177.107.121
11.188.140.11
11.188.138.245
11.177.107.15
11.177.107.95
9.138.70.184
11.177.107.135
11.177.107.13
100.77.35.33
9.138.70.253
9.138.70.104
9.4.13.3
9.138.64.27
9.138.64.39", ,34710
FlowBeCallFinishSendMsg,"11.177.107.5
11.177.107.6
11.177.107.4
9.138.64.30", ,34440
FlowYZFAsyncSetPath,"11.177.107.5
9.138.64.30", ,34207
FlowWXGameGetOpenid,"11.188.138.245
11.177.107.103
9.138.70.184
11.177.107.95
11.177.107.135
11.177.107.121
11.177.107.13
11.177.107.14
11.177.107.15
11.188.140.11
9.4.13.3
9.138.64.27
100.77.35.33
9.138.64.39
9.138.70.253
9.138.70.104", ,33759
FlowWXSaveProblemInfo,"11.177.107.15
11.177.107.121
11.177.107.103
11.188.140.11
9.138.70.184
11.177.107.13
11.188.138.245
11.177.107.14
11.177.107.95
11.177.107.135
9.138.64.27
9.138.70.104
9.138.64.39
9.138.70.253
100.77.35.33
9.4.13.3
9.138.64.159", ,33507
FlowIvrRiskUnionMonitor,"11.177.106.26
11.177.106.25
9.138.64.30", ,33142
FlowYZFAsyncTaskTransfer,"11.177.106.26
11.177.106.25
100.77.9.203
11.177.107.5
11.177.107.4
11.177.107.12
11.177.107.3
11.177.107.2", ,32645
FlowBeCallXYAsyncAnswer,11.177.107.5, ,32502
FlowYZFAsyncTaskFinish,"9.24.145.71
9.24.145.10
9.56.14.198", ,31779
FlowGatherAsync,11.177.107.4, ,31749
FlowReportMTGetPunishData,"100.77.35.33
9.138.64.39
9.138.64.27
9.4.13.3
11.177.107.13
9.138.70.184
11.177.107.135
11.177.107.121
11.177.107.14
11.177.107.103
11.188.140.11
11.177.107.15
11.188.138.245
11.177.107.95
9.138.70.253
9.138.70.104", ,31093
FlowMiniAsyncTicketReissue,"11.177.106.25
11.177.106.26
9.138.64.30", ,30596
FlowPixUiPropFlow,"11.177.107.103
11.177.107.13
11.177.107.15
11.177.107.135
11.177.107.121
11.177.107.14
11.177.107.95
9.138.70.184
11.188.138.245
11.188.140.11
9.138.70.253
9.4.13.3
9.138.64.39
100.77.35.33
9.138.70.104
9.138.64.27", ,30536
FlowAIUrlValidityCheck,"11.188.138.245
11.177.107.15
11.177.107.13
11.177.107.135
11.177.107.95
11.177.107.103
11.177.107.121
11.177.107.14
9.138.70.184
11.188.140.11
9.4.13.3
9.138.70.253
100.77.35.33
9.138.64.39
9.138.70.104
9.138.64.27
9.138.64.159
11.177.107.4", ,28362
FlowAIGameRoleQuery,"11.177.107.103
11.177.107.135
11.177.107.15
9.138.70.184
11.177.107.121
11.177.107.13
11.177.107.95
11.188.140.11
11.188.138.245
11.177.107.14
9.138.70.253
9.138.64.39
9.138.70.104
100.77.35.33
9.138.64.27
9.4.13.3
9.138.64.159", ,28334
FlowIPOXYAsyncAnswerUseSelectId,11.177.107.4, ,28142
FlowIPOAppendTask,"11.177.107.4
9.138.64.30", ,27897
FlowPullRoleInfoPc,"9.138.70.184
11.177.107.15
11.188.140.11
11.188.138.245
11.177.107.13
11.177.107.103
11.177.107.95
11.177.107.135
11.177.107.121
11.177.107.14
9.138.70.104
9.138.70.253
100.77.35.33
9.4.13.3
9.138.64.27
9.138.64.39", ,27819
FlowAIRecordClick,"11.188.138.245
11.177.107.13
11.177.107.95
11.177.107.135
11.177.107.121
9.138.70.184
11.177.107.103
11.177.107.15
11.188.140.11
11.177.107.14
9.4.13.3
9.138.64.39
100.77.35.33
9.138.70.104
9.138.64.27
9.138.70.253", ,27783
FlowBeCallCommRoleQuery,"11.177.107.4
11.177.107.5", ,27083
FlowXYSyncSaveProblemInfo,"100.97.6.236
100.97.7.158", ,26644
FlowWXKFWPImcTaskInfoCatch,"9.56.19.33
11.177.106.21", ,25555
FlowXYAsyncAnswerQueryCftBlackUser,11.177.107.5, ,24740
FlowPixUiAPPTaskInfo,"11.188.138.245
11.177.107.13
11.177.107.121
9.138.70.184
11.177.107.135
11.177.107.15
11.177.107.14
11.188.140.11
11.177.107.95
11.177.107.103
9.4.13.3
9.138.70.253
9.138.70.104
9.138.64.27
100.77.35.33
9.138.64.39
9.138.64.159", ,24671
FlowPixUiItemSellChgJudge,"11.177.107.13
9.138.70.184
11.177.107.121
11.177.107.103
11.188.140.11
11.188.138.245
11.177.107.14
11.177.107.135
11.177.107.15
11.177.107.95
9.138.64.27
9.4.13.3
9.138.70.104
9.138.70.253
9.138.64.39
100.77.35.33
9.138.64.159
9.138.64.30", ,23657
FlowPixUiCoinFlow,"11.177.107.15
11.188.140.11
11.177.107.103
11.177.107.14
11.177.107.135
11.177.107.121
9.138.70.184
11.188.138.245
11.177.107.13
11.177.107.95
9.138.64.39
100.77.35.33
9.138.70.104
9.138.70.253
9.4.13.3
9.138.64.27", ,23581
FlowDnfVip,"11.177.107.135
11.177.107.13
11.177.107.15
9.138.70.184
11.177.107.103
11.188.140.11
11.177.107.14
11.177.107.121
11.188.138.245
11.177.107.95
9.4.13.3
100.77.35.33
9.138.70.253
9.138.64.39
9.138.70.104
9.138.64.27", ,23338
FlowSyncWXPaySelect,"11.177.107.14
11.177.107.95
9.138.70.184
11.177.107.13
11.188.138.245
11.177.107.121
11.177.107.103
11.177.107.135
11.177.107.15
11.188.140.11
100.77.35.33
9.138.64.39
9.138.64.27
9.138.70.253
9.138.70.104
9.4.13.3", ,22150
FlowAppealGetMobileOpenid,"11.177.107.135
11.177.107.121
11.188.140.11
11.177.107.14
11.177.107.15
11.177.107.95
11.177.107.13
11.177.107.103
11.188.138.245
9.138.70.184
9.138.70.253
9.138.64.39
100.77.35.33
9.4.13.3
9.138.64.27
9.138.70.104", ,21869
FlowBeCallMessage,11.177.107.4, ,21636
FlowMiniSendVerifyCode,"11.177.107.13
11.177.107.135
9.138.70.184
11.177.107.14
11.188.140.11
11.177.107.121
11.177.107.15
11.177.107.95
11.188.138.245
11.177.107.103
9.138.64.39
9.138.64.27
9.138.70.104
100.77.35.33
9.138.70.253
9.4.13.3
9.138.64.159", ,21608
FlowIPOAppendQueueTaskInfo,"11.177.107.5
11.177.107.6
100.77.9.203
9.138.64.30", ,21335
FlowBeCallSaveCdgReason,"11.177.106.26
11.177.106.25", ,19848
FlowWXImcTaskInfo,"11.177.107.13
11.177.107.135
11.177.107.15
11.188.138.245
11.177.107.103
11.177.107.121
9.138.70.184
11.188.140.11
11.177.107.95
11.177.107.14
9.138.64.39
100.77.35.33
9.138.70.104
9.4.13.3
9.138.70.253
9.138.64.27", ,19501
FlowMiniWXPayRecordNew,"9.138.70.184
11.177.107.15
11.188.140.11
11.177.107.13
11.177.107.121
11.188.138.245
11.177.107.135
11.177.107.103
11.177.107.95
11.177.107.14
9.138.64.27
100.77.35.33
9.4.13.3
9.138.70.104
9.138.70.253
9.138.64.39
9.138.64.159", ,18421
FlowPixUiMailRetrieveChgJudge,"9.138.70.184
11.177.107.121
11.177.107.103
11.177.107.135
11.177.107.14
11.177.107.13
11.177.107.15
11.177.107.95
11.188.140.11
11.188.138.245
9.138.64.27
9.138.70.253
9.138.64.39
100.77.35.33
9.138.70.104
9.4.13.3
9.138.64.159
9.138.64.30", ,16812
FlowPixUiAPPServeList,"11.177.107.135
11.177.107.95
11.188.138.245
11.177.107.121
11.177.107.15
11.188.140.11
9.138.70.184
11.177.107.103
11.177.107.14
11.177.107.13
9.138.64.27
9.138.70.104
9.138.70.253
9.138.64.39
9.4.13.3
100.77.35.33
9.138.64.159", ,16799
FlowPixUiGameVipScore,"11.177.107.14
11.177.107.121
11.177.107.15
11.177.107.103
11.177.107.135
11.177.107.95
11.188.138.245
9.138.70.184
11.177.107.13
11.188.140.11
9.4.13.3
9.138.64.39
9.138.70.104
9.138.64.27
9.138.70.253
100.77.35.33", ,16437
FlowBecallMiniCheckLogin,"11.177.107.9
9.138.70.166
9.138.64.171
11.177.107.21
11.177.107.24
9.138.70.167
11.177.107.10
11.177.107.39
11.177.107.41
11.177.107.43
9.138.64.253
11.177.107.40
9.138.64.69
11.177.107.42
11.177.107.25
9.138.64.30
9.138.64.189", ,16417
FlowMiniGetToolsByProductId,"11.177.107.13
11.177.107.103
11.177.107.15
11.177.107.14
9.138.70.184
11.177.107.121
11.188.140.11
11.188.138.245
11.177.107.135
11.177.107.95
9.138.70.104
9.138.64.39
9.4.13.3
9.138.64.27
9.138.70.253
100.77.35.33", ,15965
FlowWXKFWPGetQuickReply,"9.56.19.33
11.177.106.21
11.177.106.9", ,15433
FlowQueryTask_new,9.138.64.45, ,15135
FlowWXFAQJump,"11.177.107.15
9.138.70.184
11.188.138.245
11.177.107.13
11.177.107.14
11.177.107.135
11.188.140.11
11.177.107.95
11.177.107.121
11.177.107.103
9.4.13.3
100.77.35.33
9.138.70.253
9.138.64.39
9.138.70.104
9.138.64.27
9.138.70.9
9.138.70.195
11.177.107.16
11.177.107.17", ,14253
FlowCheatSearch,"9.138.64.39
9.138.64.27
9.4.13.3
100.77.35.33", ,14015
FlowCftFkSendMsg,"11.177.107.5
11.177.107.6
9.138.64.30", ,13697
FlowWXBanH5List,"9.138.70.184
11.188.138.245
11.177.107.13
11.188.140.11
11.177.107.121
11.177.107.103
11.177.107.15
11.177.107.95
11.177.107.14
11.177.107.135
9.138.70.253
9.138.64.39
9.138.64.27
9.4.13.3
100.77.35.33
9.138.70.104", ,12170
FlowQQMiniTaskInfo,"11.188.140.11
11.177.107.103
11.177.107.95
11.177.107.121
11.177.107.13
11.177.107.135
11.177.107.15
11.188.138.245
9.138.70.184
11.177.107.14
9.138.64.39
100.77.35.33
9.138.70.253
9.138.64.27
9.4.13.3
9.138.70.104", ,12110
FlowDaoJuBuSong,"9.4.13.40
9.46.36.171", ,10686
FlowAMSUserRole,"9.138.70.184
11.188.140.11
11.177.107.121
11.177.107.103
11.177.107.95
11.177.107.135
11.177.107.14
11.188.138.245
11.177.107.15
11.177.107.13
9.138.70.253
9.138.64.27
9.4.13.3
9.138.64.39
9.138.70.104
100.77.35.33", ,10661
FlowMiniSurVey,"11.177.107.15
11.188.140.11
11.177.107.14
11.177.107.103
11.177.107.121
11.177.107.95
11.188.138.245
11.177.107.13
9.138.70.184
11.177.107.135
9.138.70.253
9.138.70.104
9.4.13.3
100.77.35.33
9.138.64.27
9.138.64.39", ,9643
FlowWxTof,"9.138.70.184
11.177.107.135
11.177.107.95
11.177.107.103
11.188.140.11
11.177.107.15
11.177.107.13
11.177.107.121
11.177.107.14
11.188.138.245
100.77.35.33
9.4.13.3
9.138.64.39
9.138.70.104
9.138.64.27
9.138.70.253", ,9594
FlowGameCommonFlow,"11.177.107.135
11.188.138.245
11.177.107.95
11.177.107.103
11.188.140.11
9.138.70.184
11.177.107.13
11.177.107.14
11.177.107.15
11.177.107.121
9.138.64.27
9.4.13.3
9.138.70.104
100.77.35.33
9.138.70.253
9.138.64.39", ,9576
FlowPixUiNobilityChgJudge,"11.177.107.121
11.177.107.95
11.188.140.11
11.188.138.245
11.177.107.15
11.177.107.13
9.138.70.184
11.177.107.14
11.177.107.135
11.177.107.103
9.4.13.3
100.77.35.33
9.138.70.253
9.138.70.104
9.138.64.39
9.138.64.27", ,8853
FlowWebCFGetGoodsInfo,"9.138.70.184
11.188.138.245
11.188.140.11
11.177.107.95
11.177.107.103
11.177.107.14
11.177.107.135
11.177.107.13
11.177.107.121
11.177.107.15
100.77.35.33
9.138.64.39
9.138.64.27
9.138.70.104
9.138.70.253
9.4.13.3", ,8776
FlowMiniFenghao,"11.177.107.135
11.177.107.121
11.177.107.13
11.188.138.245
11.177.107.103
11.177.107.14
11.177.107.15
11.177.107.95
11.188.140.11
9.138.70.184
9.138.64.27
100.77.35.33
9.138.64.39
9.138.70.253
9.4.13.3
9.138.70.104
9.138.64.159", ,8618
FlowWxPaySig,"11.177.107.15
11.177.107.103
11.177.107.95
11.188.140.11
11.177.107.13
11.177.107.14
9.138.70.184
11.177.107.121
11.177.107.135
11.188.138.245
9.138.64.27
9.138.70.104
9.138.70.253
100.77.35.33
9.4.13.3
9.138.64.39", ,8572
FlowHuoYingSelfTool,"11.177.107.15
11.177.107.135
11.177.107.13
11.177.107.103
11.177.107.121
9.138.70.184
11.177.107.95
11.188.138.245
11.188.140.11
11.177.107.14
100.77.35.33
9.138.64.27
9.4.13.3
9.138.70.253
9.138.64.39
9.138.70.104", ,8015
FlowQQMiniH5FAQJump,"11.177.107.95
11.188.140.11
11.177.107.135
11.177.107.121
9.138.70.184
11.177.107.13
11.177.107.103
11.177.107.15
11.188.138.245
11.177.107.14
9.138.70.253
9.138.64.39
9.138.70.104
9.4.13.3
100.77.35.33
9.138.64.27", ,7895
FlowMiniCodeVerify,"11.177.107.15
11.177.107.14
11.188.140.11
11.177.107.103
11.177.107.121
11.188.138.245
11.177.107.95
11.177.107.13
9.138.70.184
11.177.107.135
9.138.70.253
9.138.64.39
9.138.64.27
9.4.13.3
100.77.35.33
9.138.70.104
9.138.64.159", ,7868
FlowQQMiniTaiBenBanScenes,"11.177.107.95
11.177.107.15
11.177.107.121
11.177.107.103
11.188.140.11
11.177.107.135
11.177.107.13
11.188.138.245
9.138.70.184
11.177.107.14
9.138.70.104
9.138.70.253
9.138.64.39
100.77.35.33
9.4.13.3
9.138.64.27
9.138.64.159", ,7750
FlowQQMiniFAQJump,"11.177.107.14
11.177.107.135
11.177.107.13
11.188.140.11
11.177.107.121
11.177.107.15
11.188.138.245
9.138.70.184
11.177.107.103
11.177.107.95
100.77.35.33
9.138.70.104
9.138.64.27
9.4.13.3
9.138.64.39
9.138.70.253
9.138.70.195
9.138.70.9
9.138.64.159", ,7331
FlowWXImcSurVey,"11.188.140.11
11.177.107.103
11.177.107.14
11.177.107.13
11.177.107.95
11.177.107.121
11.177.107.15
9.138.70.184
11.188.138.245
11.177.107.135
100.77.35.33
9.138.64.27
9.138.64.39
9.138.70.253
9.138.70.104
9.4.13.3", ,7325
FlowWzGameGMGameOver,9.4.13.40, ,7066
FlowGameCommCreateTask,9.4.13.40, ,6974
FlowReportGetArtical,"9.138.64.27
100.77.35.33
9.4.13.3
9.138.64.39
11.177.107.135
11.177.107.15", ,6890
FlowBigTaskCheckTask,100.77.9.198, ,6866
FlowSaoMaJumpAi,"11.177.107.13
11.177.107.135
11.188.138.245
11.177.107.15
11.177.107.121
11.177.107.95
11.177.107.14
11.177.107.103
9.138.70.184
11.188.140.11
9.4.13.3
100.77.35.33
9.138.64.39
9.138.64.27
9.138.70.253
9.138.70.104", ,6799
FlowWXBanH5TaskInfo,"11.188.138.245
11.177.107.103
11.177.107.14
11.177.107.135
11.177.107.13
11.177.107.95
11.188.140.11
9.138.70.184
11.177.107.15
11.177.107.121
9.138.64.27
9.4.13.3
9.138.70.104
100.77.35.33
9.138.64.39
9.138.70.253", ,6779
FlowBeCallGetDataFromUrl,"11.177.107.10
11.177.107.9", ,6724
FlowReportNotice,"9.4.13.3
100.77.35.33
9.138.64.39
9.138.64.27", ,6541
FlowWXGetProblemInfo,"9.138.70.248
9.138.64.33
11.177.106.44
11.177.106.43
11.177.106.9", ,6058
FlowGetQQFrommail,9.138.64.45, ,6047
FlowQQMiniTaiBenUnBanScenes,"11.177.107.14
11.177.107.103
11.188.140.11
11.177.107.95
9.138.70.184
11.177.107.135
11.177.107.121
11.177.107.15
11.188.138.245
11.177.107.13
9.4.13.3
9.138.64.27
9.138.70.104
100.77.35.33
9.138.64.39
9.138.70.253", ,6042
FlowBeCallYPBindChild,"9.138.70.62
11.177.107.11", ,6015
FlowQQMiniPerBanSaveProblemInfo,"11.177.107.13
11.177.107.103
11.188.138.245
11.177.107.95
11.177.107.135
11.177.107.15
11.177.107.121
9.138.70.184
11.188.140.11
11.177.107.14
9.138.64.39
9.138.64.27
9.138.70.253
100.77.35.33
9.4.13.3
9.138.70.104
9.138.64.159", ,5803
FlowTXSPCheckOnline,"9.138.70.184
11.177.107.135
11.188.140.11
11.177.107.13
11.177.107.15
11.177.107.95
11.177.107.103
11.177.107.121
11.177.107.14
11.188.138.245
9.4.13.3
100.77.35.33
9.138.64.39
9.138.70.253
9.138.70.104
9.138.64.27", ,5756
FlowDispathKGGMFinish,100.77.9.203, ,5734
FlowQQSaveProblemInfo,"9.138.70.184
11.188.140.11
11.177.107.15
11.177.107.95
11.177.107.121
11.177.107.135
11.188.138.245
11.177.107.13
11.177.107.103
11.177.107.14
100.77.35.33
9.138.64.27
9.138.70.253
9.138.70.104
9.4.13.3
9.138.64.39", ,5697
FlowTXSPSetUserStatus,"11.177.107.135
11.177.107.121
11.177.107.13
11.177.107.103
9.138.70.184
11.177.107.15
11.177.107.14
11.188.138.245
11.177.107.95
11.188.140.11
9.138.64.27
100.77.35.33
9.138.70.253
9.138.64.39
9.4.13.3
9.138.70.104
9.56.19.17
9.138.64.18", ,5603
FlowH5LogReport,"11.188.140.11
9.138.70.184
11.188.138.245
11.177.107.15
11.177.107.103
11.177.107.135
11.177.107.14
11.177.107.95
11.177.107.121
11.177.107.13
100.77.35.33
9.138.64.27
9.138.64.39
9.138.70.253
9.138.70.104
9.4.13.3", ,5583
FlowWXSamOper,"11.177.106.56
11.177.106.51
9.59.127.222", ,5397
FlowReportHandleByISTaskFinish,"9.138.64.20
9.138.64.45", ,5348
FlowBeCallQQMiniSaveProblemInfo,"11.177.107.16
11.177.107.17
9.138.70.195
9.138.70.9
9.138.64.30", ,5154
FlowWXSendMsg,"11.177.106.56
11.177.106.51
9.59.127.222", ,5099
FlowBeCallGetCommid,"11.177.107.11
9.138.70.62", ,5033
FlowBeCallGameAccountRelate,"11.177.107.11
9.138.70.62", ,5032
FlowSimpleJumpWX,"11.177.107.14
11.177.107.135
11.177.107.103
11.177.107.15
9.138.70.184
11.188.140.11
11.188.138.245
11.177.107.13
11.177.107.95
11.177.107.121
100.77.35.33
9.138.70.253
9.138.64.39
9.138.70.104
9.4.13.3
9.138.64.27", ,4991
FlowReportExposeDataFeedback,9.138.64.36, ,4702
FlowGather,"9.56.19.33
11.177.106.21", ,4405
FlowMobileSaveProblemInfo,"11.177.107.15
11.177.107.121
11.177.107.103
11.177.107.13
11.177.107.14
11.177.107.135
11.177.107.95
9.138.70.184
11.188.140.11
11.188.138.245
9.138.64.27
9.138.70.104
100.77.35.33
9.138.70.253
9.4.13.3
9.138.64.39", ,4398
FlowIPOXYAsyncAnswer,11.177.107.4, ,4360
FlowGameFlowCommonJump,"11.177.107.15
11.177.107.121
11.177.107.95
11.188.138.245
11.177.107.135
9.138.70.184
11.188.140.11
11.177.107.14
11.177.107.103
11.177.107.13
9.138.64.27
9.138.64.39
9.4.13.3
100.77.35.33
9.138.70.253
9.138.70.104", ,4324
FlowYJFK,"9.138.70.184
11.177.107.95
11.188.140.11
11.177.107.13
11.177.107.103
11.177.107.14
11.177.107.121
11.177.107.15
11.188.138.245
11.177.107.135
100.77.35.33
9.138.64.39
9.4.13.3
9.138.70.104
9.138.64.27
9.138.70.253", ,4296
FlowGameJudgeBenefit,"11.177.107.135
11.177.107.95
11.188.138.245
11.177.107.103
11.177.107.15
11.177.107.121
11.177.107.14
11.188.140.11
11.177.107.13
9.138.70.184
9.138.64.39
100.77.35.33
9.138.70.104
9.4.13.3
9.138.70.253
9.138.64.27", ,4274
FlowOpenidGetUsername,9.138.64.30, ,4003
FlowQQMiniSaveProblemInfo,"11.177.107.121
11.177.107.103
9.138.70.184
11.177.107.15
11.188.140.11
11.177.107.13
11.177.107.135
11.188.138.245
11.177.107.95
11.177.107.14
100.77.35.33
9.4.13.3
9.138.70.253
9.138.64.27
9.138.64.39
9.138.70.104", ,3949
FlowWxQuestionJumpUrl,"11.177.107.13
11.177.107.121
11.177.107.14
11.177.107.15
11.177.107.103
11.188.140.11
11.177.107.95
11.188.138.245
9.138.70.184
11.177.107.135
9.4.13.3
9.138.70.104
9.138.64.27
9.138.64.39
100.77.35.33
9.138.70.253
11.177.107.4", ,3935
FlowQQMiniAccountJudge,"11.177.107.95
11.177.107.15
11.177.107.103
11.188.138.245
11.177.107.121
11.177.107.135
11.188.140.11
11.177.107.14
9.138.70.184
11.177.107.13
9.138.70.253
9.138.64.27
9.4.13.3
9.138.70.104
100.77.35.33
9.138.64.39", ,3902
FlowQQMiniPullRoleInfoPc,"11.177.107.15
11.188.140.11
11.177.107.103
11.177.107.95
11.188.138.245
11.177.107.135
11.177.107.14
11.177.107.121
11.177.107.13
9.138.70.184
100.77.35.33
9.138.64.39
9.4.13.3
9.138.64.27
9.138.70.253
9.138.70.104", ,3821
FlowMsgJumpWeb,"11.177.107.135
11.177.107.121
11.177.107.103
11.177.107.95
11.177.107.13
9.138.70.184
11.188.140.11
11.177.107.15
11.188.138.245
11.177.107.14
9.138.70.104
9.4.13.3
9.138.64.39
9.138.70.253
9.138.64.27
100.77.35.33", ,3763
FlowYPRefundBindChildAccountWXScan,"11.177.107.95
11.177.107.121
9.138.70.184
11.188.138.245
11.188.140.11
11.177.107.15
11.177.107.13
11.177.107.103
11.177.107.135
11.177.107.14
9.138.70.253
9.138.70.104
9.138.64.39
100.77.35.33
9.4.13.3
9.138.64.27", ,3743
FlowWXKFWPSetReadylogin,"9.56.19.33
11.177.106.21
11.177.106.9", ,3696
FlowChangeWithdrawQueryNow,"9.138.64.163
9.138.64.173
11.177.107.10
11.177.107.9
9.138.64.30", ,3642
FlowChangeWithdrawQuery,"9.138.64.163
9.138.64.173
11.177.107.10
11.177.107.9", ,3639
FlowMiniUrgent,"11.177.107.13
11.177.107.15
11.177.107.121
9.138.70.184
11.188.138.245
11.188.140.11
11.177.107.14
11.177.107.135
11.177.107.95
11.177.107.103
9.138.64.27
9.4.13.3
9.138.70.253
9.138.70.104
100.77.35.33
9.138.64.39", ,3607
FlowAsyncUpgrade,"11.177.107.5
11.177.107.6", ,3555
FlowBecallSaveRelationship,"11.177.107.9
11.177.107.10", ,3536
FlowWXList4Scan,"11.177.107.14
11.177.107.103
11.177.107.135
9.138.70.184
11.177.107.15
11.177.107.121
11.177.107.13
11.177.107.95
11.188.138.245
11.188.140.11
9.138.64.39
9.138.64.27
9.138.70.253
9.4.13.3
100.77.35.33
9.138.70.104", ,3536
FlowWXBindCardPayException,"11.177.107.121
11.177.107.135
11.188.138.245
11.177.107.95
11.177.107.13
11.177.107.103
11.177.107.14
11.177.107.15
9.138.70.184
11.188.140.11
9.138.64.39
9.4.13.3
9.138.64.27
9.138.70.253
100.77.35.33
9.138.70.104", ,3523
FlowRuleEngine,"100.77.9.203
11.177.106.25
11.177.106.26", ,3511
FlowKFWxPayInfoQuery,"11.177.107.4
100.97.6.236
100.97.7.158
9.138.64.38
9.138.70.203
9.46.36.171
11.177.107.27", ,3434
FlowCFMSelfTool,"11.177.107.135
9.138.70.184
11.188.138.245
11.188.140.11
11.177.107.103
11.177.107.15
11.177.107.95
11.177.107.14
11.177.107.13
11.177.107.121
9.4.13.3
9.138.70.104
100.77.35.33
9.138.64.39
9.138.70.253
9.138.64.27", ,3404
FlowMiniWXTX,"11.177.107.135
11.177.107.15
11.177.107.103
11.177.107.121
11.188.138.245
11.177.107.13
11.177.107.95
11.177.107.14
11.188.140.11
9.138.70.184
9.4.13.3
9.138.70.104
9.138.70.253
100.77.35.33
9.138.64.27
9.138.64.39
9.138.64.159", ,3325
FlowJubaoPcMessage,"9.4.13.3
100.77.35.33
9.138.64.27
9.138.64.39", ,3310
FlowMiniKingGloryReputation,"11.177.107.103
11.188.138.245
11.188.140.11
11.177.107.14
11.177.107.121
11.177.107.15
11.177.107.135
9.138.70.184
11.177.107.13
11.177.107.95
100.77.35.33
9.138.64.39
9.138.70.104
9.4.13.3
9.138.70.253
9.138.64.27", ,3295
FlowGameFlowCommonOdp,"11.177.107.15
11.177.107.103
9.138.70.184
11.177.107.14
11.188.140.11
11.177.107.13
11.188.138.245
11.177.107.121
11.177.107.95
11.177.107.135
9.138.70.104
9.138.70.253
100.77.35.33
9.4.13.3
9.138.64.39
9.138.64.27", ,3186
FlowYPGetChildBindInfo,"11.188.140.11
11.177.107.15
11.177.107.103
11.177.107.14
11.177.107.13
11.177.107.135
9.138.70.184
11.177.107.121
11.188.138.245
11.177.107.95
100.77.35.33
9.138.70.253
9.138.64.39
9.138.64.27
9.4.13.3
9.138.70.104", ,3153
FlowGameReportInnerSaveProblemInfo,100.77.9.203, ,3084
FlowPixUiAPPSurVey,"11.177.107.121
11.177.107.13
11.177.107.15
9.138.70.184
11.177.107.103
11.177.107.95
11.188.138.245
11.177.107.14
11.188.140.11
11.177.107.135
9.138.70.104
100.77.35.33
9.138.64.27
9.138.70.253
9.138.64.39
9.4.13.3", ,2992
FlowQQMiniBanFunctionConnect,"11.177.107.13
11.188.140.11
11.177.107.103
9.138.70.184
11.177.107.15
11.177.107.95
11.177.107.14
11.177.107.121
11.177.107.135
11.188.138.245
9.138.64.27
9.138.64.39
9.138.70.253
9.138.70.104
9.4.13.3
100.77.35.33", ,2974
FlowImcQueryVipLevel,"9.56.19.33
11.177.106.21", ,2930
FlowPYDNFTicketReissue,100.77.9.203, ,2928
FlowAPPTaskInfo,"9.138.70.184
11.177.107.103
11.188.138.245
11.177.107.15
11.177.107.13
11.188.140.11
11.177.107.14
11.177.107.135
11.177.107.121
11.177.107.95
9.138.64.39
9.138.70.104
9.4.13.3
9.138.64.27
100.77.35.33
9.138.70.253", ,2887
FlowTXSPQueryUserStatus,"11.177.107.95
11.188.138.245
11.177.107.103
11.188.140.11
11.177.107.15
11.177.107.14
9.138.70.184
11.177.107.121
11.177.107.13
11.177.107.135
9.138.70.253
100.77.35.33
9.4.13.3
9.138.70.104
9.138.64.39
9.138.64.27", ,2880
FlowWXBanH5SaveProblemInfo,"11.177.107.16
11.177.107.17
11.177.107.135
9.138.70.184
11.177.107.95
11.188.138.245
11.177.107.14
11.177.107.103
11.177.107.13
11.177.107.121
11.177.107.15
11.188.140.11
100.77.35.33
9.138.64.39
9.138.70.253
9.138.64.27
9.4.13.3
9.138.70.104
9.138.70.9
9.138.70.195", ,2769
FlowYPRefundBindChildAccountQQScan,"9.138.70.184
11.188.138.245
11.177.107.15
11.177.107.103
11.177.107.121
11.177.107.95
11.177.107.13
11.177.107.14
11.177.107.135
11.188.140.11
9.4.13.3
9.138.64.27
100.77.35.33
9.138.64.39
9.138.70.104
9.138.70.253", ,2731
FlowPCWebMapData,"11.177.107.15
11.188.140.11
11.177.107.14
11.177.107.95
11.188.138.245
11.177.107.121
11.177.107.135
9.138.70.184
11.177.107.103
11.177.107.13
9.4.13.3
100.77.35.33
9.138.70.104
9.138.70.253
9.138.64.27
9.138.64.39
9.138.64.159", ,2642
FlowSdkLgameFlowOdp,"11.177.107.95
11.177.107.121
11.177.107.15
11.188.138.245
11.177.107.14
11.177.107.13
9.138.70.184
11.177.107.103
11.177.107.135
11.188.140.11
100.77.35.33
9.138.70.253
9.138.70.104
9.4.13.3
9.138.64.27
9.138.64.39", ,2538
FlowGetWxInfo,"9.138.64.45
9.138.64.38
9.138.64.36
9.138.64.20", ,2537
FlowTXSPAPPJumpWX,"11.177.107.121
11.188.140.11
11.177.107.135
11.177.107.13
11.188.138.245
9.138.70.184
11.177.107.14
11.177.107.15
11.177.107.95
11.177.107.103
100.77.35.33
9.138.64.39
9.138.70.104
9.4.13.3
9.138.64.27
9.138.70.253", ,2524
FlowYZFAsyncTaskTrans,"9.24.145.71
9.24.145.10", ,2505
FlowWXUrgent,"11.177.107.135
11.188.138.245
11.177.107.103
11.177.107.14
9.138.70.184
11.177.107.15
11.177.107.13
11.177.107.95
11.188.140.11
11.177.107.121
9.138.70.104
9.138.70.253
9.4.13.3
100.77.35.33
9.138.64.27
9.138.64.39", ,2392
FlowWXBanH5FAQJump,"11.188.140.11
11.188.138.245
9.138.70.184
11.177.107.135
11.177.107.103
11.177.107.95
11.177.107.14
11.177.107.15
11.177.107.121
11.177.107.13
9.138.70.253
9.4.13.3
9.138.70.104
9.138.64.27
9.138.64.39
100.77.35.33", ,2261
FlowBeCallReportSendWxMsg,"11.177.107.6
11.177.107.4", ,2208
FlowQQMiniPullRoleInfo,"11.177.107.15
11.177.107.95
11.177.107.14
11.188.140.11
11.177.107.135
11.188.138.245
11.177.107.13
9.138.70.184
11.177.107.121
11.177.107.103
9.4.13.3
9.138.70.253
9.138.70.104
9.138.64.27
9.138.64.39
100.77.35.33", ,2202
FlowLingmouWXFuncAIModel,"9.138.70.195
9.138.64.30", ,2084
FlowOtherCommCreateTask,"9.4.13.40
9.4.13.39", ,2067
FlowMiniKGReportServeList,"11.177.107.95
11.177.107.15
11.177.107.103
11.177.107.121
11.188.138.245
11.177.107.13
11.188.140.11
11.177.107.135
11.177.107.14
9.138.70.184
9.138.70.104
9.138.70.253
9.4.13.3
9.138.64.39
100.77.35.33
9.138.64.27", ,2051
FlowBeCallReportSenceTaskFinish,11.177.107.6, ,2002
FlowTXSPReportInfo,"11.177.107.103
11.177.107.95
11.177.107.121
11.188.138.245
11.177.107.13
11.177.107.15
11.177.107.14
11.177.107.135
11.188.140.11
9.138.70.184
100.77.35.33
9.138.64.27
9.138.70.104
9.138.70.253
9.4.13.3
9.138.64.39", ,1987
FlowImcWxInfo,"9.56.19.33
11.177.106.21", ,1958
FlowWXKFWPGetChangeConfig,"11.177.106.21
9.56.19.33", ,1894
FlowQQMiniTaiBenAddFriendsRemind,"11.177.107.14
11.177.107.13
11.177.107.15
9.138.70.184
11.177.107.121
11.177.107.95
11.188.138.245
11.177.107.135
11.177.107.103
11.188.140.11
9.138.70.253
100.77.35.33
9.4.13.3
9.138.64.27
9.138.64.39
9.138.70.104", ,1857
FlowYZFAsyncAddTaskInfo,"9.24.145.10
9.24.145.71
9.56.14.198", ,1841
FlowReportQQSenceSaveProblemInfo,"9.4.13.39
9.4.13.40", ,1753
FlowWXAsyncAddInfoTaskFinish,11.177.107.6, ,1682
FlowWXKFWPChangeAccuin,"11.177.106.21
9.56.19.33", ,1666
FlowBeCallRuleConfig,11.177.107.4, ,1662
FlowKingGlorySelfToolMini,"11.177.107.9
11.177.107.10", ,1658
FlowQQMiniGetPicInfo,"11.177.107.135
11.177.107.15
11.177.107.95
11.177.107.121
11.177.107.14
11.188.140.11
11.177.107.13
11.188.138.245
9.138.70.184
11.177.107.103
9.138.64.27
9.138.64.39
9.4.13.3
9.138.70.253
100.77.35.33
9.138.70.104
9.138.64.159", ,1603
FlowBeCallStrategyIntercept,"9.4.13.39
9.138.64.30", ,1585
FlowReportQueryExpose,"9.4.13.39
9.138.64.38", ,1582
FlowIntelligentDealTask,"100.77.23.132
100.77.24.198", ,1524
FlowH5PaySession,"11.177.107.95
11.177.107.15
11.177.107.121
11.177.107.13
11.177.107.103
11.177.107.135
11.188.140.11
9.138.70.184
11.177.107.14
11.188.138.245
9.138.64.27
9.138.70.104
9.138.64.39
9.138.70.253
9.4.13.3
100.77.35.33", ,1480
FlowCftGetAcctDetail,"9.4.13.39
9.138.64.30
9.138.64.36
9.138.64.38", ,1474
FlowWXKFWPRecheck,"11.177.107.6
11.177.107.5", ,1447
FlowReportAntiCheatNumBecalledRefresh,"11.177.107.10
11.177.107.9", ,1425
FlowQQMiniCJZCPunishQyery,"11.177.107.103
11.177.107.15
11.177.107.135
11.177.107.121
11.177.107.14
11.188.138.245
9.138.70.184
11.177.107.13
11.188.140.11
11.177.107.95
100.77.35.33
9.138.64.39
9.138.70.104
9.138.70.253
9.4.13.3
9.138.64.27", ,1346
FlowBeCallSendGambleTaskid,"9.138.70.9
9.138.70.195
11.177.106.25
11.177.106.26", ,1226
FlowMiniKingGloryReport,"11.177.107.13
11.177.107.121
9.138.70.184
11.177.107.103
11.177.107.14
11.188.140.11
11.177.107.135
11.177.107.15
11.188.138.245
11.177.107.95
9.138.70.253
9.138.70.104
9.4.13.3
9.138.64.39
9.138.64.27
100.77.35.33", ,1225
FlowFHWGRecord,11.177.107.6, ,1222
FlowWebCFMobileVerifyCode,"11.177.107.135
11.177.107.15
11.177.107.14
11.188.140.11
11.188.138.245
11.177.107.121
9.138.70.184
11.177.107.95
11.177.107.103
11.177.107.13
9.138.70.104
9.138.70.253
100.77.35.33
9.138.64.27
9.138.64.39
9.4.13.3", ,1182
FlowWXAsyncAddTaskInfo,"11.177.107.14
11.188.138.245
9.138.70.184
11.177.107.103
11.177.107.121
11.177.107.135
11.188.140.11
11.177.107.15
11.177.107.95
11.177.107.13
100.77.35.33
9.138.64.39
9.138.70.253
9.138.70.104
9.4.13.3
9.138.64.27", ,1127
FlowIPODataList,"9.138.64.30
11.177.107.4", ,1126
FlowBeCallAsyncSendWxMsg,"11.177.107.4
11.177.107.5", ,1114
FlowWXKFWPTrans,"9.56.19.33
11.177.106.21", ,1050
FlowH5WxPersonRecom,"11.177.107.95
11.188.140.11
11.177.107.13
11.177.107.121
11.177.107.103
11.177.107.15
11.177.107.14
9.138.70.184
11.188.138.245
11.177.107.135
9.138.70.104
9.4.13.3
9.138.64.39
9.138.64.27
9.138.70.253
100.77.35.33", ,1042
FlowGetWxKfOpenid,"11.177.107.103
11.177.107.13
11.177.107.14
11.177.107.95
11.177.107.121
11.188.140.11
11.177.107.15
11.188.138.245
9.138.70.184
11.177.107.135
9.138.64.39
9.138.70.104
9.138.70.253
9.4.13.3
100.77.35.33
9.138.64.27", ,1029
FlowBeCallWXUnBanRePort,"9.138.70.9
9.138.70.195
11.177.106.25
11.177.106.26", ,1022
FlowQQMiniKingGloryPunishQueryTools,"11.177.107.15
11.177.107.13
11.177.107.135
11.188.138.245
11.188.140.11
11.177.107.14
11.177.107.95
9.138.70.184
11.177.107.103
11.177.107.121
100.77.35.33
9.138.64.27
9.138.64.39
9.138.70.253
9.138.70.104
9.4.13.3", ,984
FlowWXH5TaskInfo,"11.188.140.11
11.177.107.13
11.177.107.103
11.177.107.15
11.177.107.121
11.177.107.135
11.177.107.95
11.188.138.245
9.138.70.184
11.177.107.14
9.138.70.253
100.77.35.33
9.138.64.39
9.138.64.27
9.138.70.104
9.4.13.3", ,969
FlowKFWxPerBanScenes,"9.4.13.39
9.138.64.30
9.4.13.40", ,911
FlowIPOQQStrategyIntercept,11.177.107.4, ,898
FlowBeCallAllPredict,11.177.107.4, ,841
FlowBeCallXYGetAccuinInfo,11.177.107.4, ,841
FlowXYProFileSyncDiacrisisWx,"100.77.24.198
100.77.23.132", ,841
FlowBeCallWxPayRisk,11.177.107.4, ,824
FlowImcSendQrCode,"11.177.106.21
9.56.19.33", ,820
FlowXYAsyncSaveProblemInfo,"100.97.6.236
100.97.7.158", ,819
FlowYPMiniLOG_V2,"11.177.107.103
11.177.107.13
11.177.107.95
11.188.140.11
11.188.138.245
11.177.107.14
9.138.70.184
11.177.107.135
11.177.107.121
11.177.107.15
9.138.64.39
9.138.70.104
9.138.70.253
9.4.13.3
100.77.35.33
9.138.64.27", ,819
FlowWXBanCreateQrCode,"9.4.13.39
9.4.13.40", ,811
FlowGameLogin,"9.138.64.163
9.138.64.173
9.138.64.30", ,790
FlowWebCFRecoveryProps,"11.177.107.14
11.177.107.13
11.177.107.121
11.177.107.15
9.138.70.184
11.177.107.103
11.188.140.11
11.177.107.135
11.177.107.95
11.188.138.245
9.138.70.253
9.4.13.3
9.138.70.104
100.77.35.33
9.138.64.39
9.138.64.27", ,784
FlowMiniExceptionTask,11.177.107.9, ,745
FlowWXGetDelayTask,11.177.106.6, ,743
FlowWXBanTaiBenTxx,"11.177.107.103
11.177.107.121
11.188.138.245
11.177.107.15
11.177.107.95
11.177.107.14
11.177.107.13
11.177.107.135
9.138.70.184
11.188.140.11
9.4.13.3
9.138.64.39
100.77.35.33
9.138.64.27
9.138.70.104
9.138.70.253", ,740
FlowWXBanH5UserStatus,"11.177.107.15
11.177.107.13
11.177.107.95
11.177.107.121
11.177.107.103
11.188.138.245
9.138.70.184
11.177.107.135
11.177.107.14
11.188.140.11
9.138.64.39
9.138.70.104
100.77.35.33
9.138.64.27
9.138.70.253
9.4.13.3", ,715
FlowQQMiniTBFreezeTimeReducePreJudge,"11.177.107.103
11.177.107.135
11.177.107.13
11.177.107.14
11.177.107.95
11.188.140.11
9.138.70.184
11.188.138.245
11.177.107.121
11.177.107.15
100.77.35.33
9.4.13.3
9.138.64.39
9.138.70.253
9.138.70.104
9.138.64.27", ,707
FlowBecallQQMiniTBFreezeCheckTaskStatus,"9.138.70.9
9.138.70.195", ,704
FlowPCPredictionV2,"11.177.107.103
11.177.107.13
11.188.138.245
9.138.70.184
11.177.107.15
11.177.107.135
11.177.107.95
11.177.107.121
11.177.107.14
11.188.140.11
9.138.64.39
9.138.70.104
9.138.70.253
100.77.35.33
9.138.64.27
9.4.13.3", ,701
FlowBeCallPredictionGetL4Id,"9.138.64.163
9.138.64.173", ,700
FlowXYAHChatSetsilent,"11.177.106.26
11.177.106.25", ,676
FlowAccountRiskWash,9.138.70.195, ,650
FlowQQGroupAppeal,"9.138.70.184
9.138.64.27
9.138.64.39
11.177.107.14
100.77.35.33
11.177.107.103
11.177.107.15
11.177.107.95
11.177.107.13
9.4.13.3
11.188.138.245
11.177.107.121
11.177.107.135
11.188.140.11
9.138.70.104
9.138.70.253", ,648
FlowGetWZFlowTask,"11.177.107.103
11.177.107.13
9.138.70.184
11.177.107.121
11.177.107.15
11.188.140.11
11.177.107.14
11.177.107.95
11.188.138.245
11.177.107.135
9.138.64.39
9.138.64.27
9.138.70.253
9.4.13.3
9.138.70.104
100.77.35.33", ,638
FlowQQMiniQueryBanInfo,"11.177.107.95
11.177.107.15
11.188.140.11
11.177.107.103
11.188.138.245
11.177.107.14
11.177.107.135
9.138.70.184
11.177.107.13
11.177.107.121
9.138.70.253
9.138.64.27
9.138.70.104
100.77.35.33
9.138.64.39
9.4.13.3", ,635
FlowWXKFWPSetQuickReply,"9.56.19.33
11.177.106.21", ,602
FlowQQMiniToolsgetuserinfo,"11.177.107.121
11.188.138.245
11.177.107.13
11.177.107.103
11.177.107.95
11.177.107.15
9.138.70.184
11.177.107.135
11.188.140.11
11.177.107.14
100.77.35.33
9.138.70.253
9.138.64.27
9.138.64.39
9.138.70.104
9.4.13.3", ,597
FlowSDKLOG,"11.188.138.245
11.177.107.95
11.177.107.135
11.177.107.121
9.138.70.184
11.177.107.13
11.177.107.14
11.177.107.15
11.188.140.11
9.138.70.253
11.177.107.103
9.138.64.39
9.138.64.27
100.77.35.33
9.4.13.3
9.138.70.104
9.138.64.159", ,596
FlowBeCallXCXUsedProduct,"9.138.64.163
9.138.64.173", ,569
FlowTXSPMixStream,"9.4.13.39
9.4.13.40
9.138.64.163
9.138.64.173", ,550
FlowQQMiniCommonPCGameQuery,"11.177.107.121
11.188.138.245
11.177.107.95
11.177.107.13
11.188.140.11
11.177.107.135
11.177.107.103
9.138.70.184
11.177.107.14
11.177.107.15
9.138.70.104
9.138.70.253
100.77.35.33
9.138.64.27
9.4.13.3
9.138.64.39", ,537
FlowXYProFileJTStorage,"11.177.107.121
11.177.107.135
11.188.140.11
11.177.107.15
11.177.107.14
11.188.138.245
11.177.107.13
11.177.107.103
11.177.107.95
9.138.70.184
9.138.70.253
9.138.64.39
9.4.13.3
9.138.64.27
9.138.70.104
100.77.35.33", ,523
FlowPayStrategyMessage,"11.177.107.4
9.138.64.36", ,516
FlowWXListPC,"9.138.70.184
11.177.107.95
11.177.107.14
11.177.107.135
11.177.107.121
11.188.138.245
11.177.107.15
11.177.107.13
11.177.107.103
11.188.140.11
9.138.64.39
9.138.70.104
9.138.70.253
100.77.35.33
9.4.13.3
9.138.64.27", ,510
FlowJubaoPcGetUserInfo,"100.77.35.33
9.138.64.27
9.138.64.39
9.4.13.3
11.177.107.103", ,493
FlowBeCallShanZuanVip,10.165.0.34, ,480
FlowLingmouSysArchive,"9.138.70.195
9.138.64.30", ,475
FlowOtherSyncSaveProblem,"9.138.64.45
9.138.64.40", ,462
FlowBeCallYPBindChildAdd,"9.138.70.62
11.177.107.11", ,438
FlowBeCallYPCheckAccount,"9.138.70.62
11.177.107.11", ,438
FlowQQMiniKingGloryReport,"11.177.107.15
11.177.107.95
11.177.107.13
11.188.140.11
11.177.107.14
11.188.138.245
11.177.107.121
11.177.107.135
11.177.107.103
9.138.70.184
9.138.64.39
9.138.70.253
9.138.70.104
9.4.13.3
100.77.35.33
9.138.64.27", ,433
FlowWxTrueNameAccountUrl,"11.177.107.135
11.177.107.121
11.177.107.95
11.188.138.245
11.177.107.13
9.138.70.184
11.177.107.14
11.177.107.103
11.177.107.15
11.188.140.11
9.138.70.104
9.138.64.27
9.138.64.39
100.77.35.33
9.138.70.253
9.4.13.3", ,431
FlowLingmouWXArchiveDeal,9.138.70.195, ,429
FlowReportMiniReturnResult,11.177.107.6, ,405
FlowMiniSaveQQInfo,"11.177.107.15
11.177.107.13
11.177.107.14
11.177.107.121
11.177.107.135
11.188.140.11
9.138.70.184
11.177.107.95
11.188.138.245
9.138.70.104
11.177.107.103
9.138.64.27
9.4.13.3
9.138.70.253
9.138.64.39
100.77.35.33", ,395
FlowTXSPGetUserStatus,"9.138.64.18
9.56.19.17", ,384
FlowReportMTGetPraiseAndScanCount,"9.138.64.27
9.4.13.3
100.77.35.33
9.138.64.39", ,383
FlowQQMiniKingGloryReputation,"11.177.107.121
11.177.107.135
11.177.107.95
11.188.140.11
11.177.107.14
9.138.70.184
11.177.107.13
11.177.107.103
11.177.107.15
9.138.64.27
11.188.138.245
9.138.70.253
100.77.35.33
9.138.70.104
9.4.13.3
9.138.64.39", ,381
FlowSwitchChangStatusSendMsg_v2,"100.77.35.33
9.4.13.3", ,353
FlowImcAgentQueue,"11.177.107.4
11.177.107.5", ,350
FlowWebCFQueryTicketDetailList,"11.188.140.11
11.177.107.95
11.177.107.13
11.177.107.135
11.177.107.14
11.177.107.103
11.177.107.15
9.138.70.184
11.188.138.245
11.177.107.121
9.138.70.104
100.77.35.33
9.138.64.39
9.138.64.27
9.138.70.253
9.4.13.3", ,340
FlowKingGloryJumpWx,"9.138.70.184
11.177.107.95
11.188.140.11
11.177.107.15
11.177.107.13
11.177.107.103
11.177.107.121
11.188.138.245
11.177.107.14
11.177.107.135
9.4.13.3
9.138.70.104
9.138.64.27
100.77.35.33
9.138.64.39
9.138.70.253", ,334
FlowPixUiItemSellChgSupply,"11.177.107.14
11.177.107.95
11.188.138.245
11.177.107.15
11.177.107.121
9.138.70.184
11.177.107.135
11.188.140.11
11.177.107.103
11.177.107.13
9.138.64.27
100.77.35.33
9.4.13.3
9.138.64.39
9.138.70.104
9.138.70.253
9.138.64.159", ,332
FlowXYChat,11.177.106.9, ,329
FlowQQMiniQQTXStatus,"11.177.107.121
11.177.107.103
11.177.107.15
11.177.107.135
11.188.140.11
11.188.138.245
11.177.107.13
9.138.70.104
11.177.107.14
9.138.70.184
9.138.70.253
11.177.107.95
9.4.13.3
100.77.35.33
9.138.64.27
9.138.64.39", ,328
FlowQQMiniLolPunishQueryTools,"11.177.107.121
11.177.107.13
11.177.107.15
11.177.107.103
11.177.107.14
11.188.140.11
11.177.107.135
11.177.107.95
9.138.70.184
11.188.138.245
9.138.64.39
9.138.70.253
100.77.35.33
9.138.64.27
9.138.70.104
9.4.13.3", ,322
FlowSwitchGetToken,11.177.107.5, ,316
FlowBeCallSiwtchTaskOper,"11.177.107.6
11.177.106.25
11.177.106.26
11.177.107.5", ,305
FlowReportUnReadMsgHandle,"100.77.35.33
9.138.64.27
9.138.64.39
9.4.13.3", ,303
FlowBeCallSaveYuPandata,9.138.64.30, ,299
FlowXYAsyncAnswerDNFException,11.177.107.5, ,299
FlowKfConfigMySqlToRedis,"100.77.9.203
9.138.64.30", ,296
FlowBeCallSendWxMsg,"11.177.107.6
11.177.107.5", ,294
FlowIMCActiveUser,"9.56.19.17
9.138.64.18", ,276
FlowWXKFWPAddTaskInfo,"9.56.19.33
11.177.106.21", ,275
FlowSendIPVoiceEntrance,"9.24.145.10
9.24.145.71", ,250
FlowQQMiniQWalletQueryRecordList,"11.177.107.15
11.188.140.11
11.177.107.121
11.177.107.14
11.177.107.95
9.138.70.184
11.177.107.13
11.177.107.103
11.188.138.245
11.177.107.135
9.138.64.39
9.138.70.253
9.4.13.3
100.77.35.33
9.138.70.104
9.138.64.27", ,246
FlowWXGetLanguage,"11.177.107.14
11.177.107.95
11.177.107.15
9.138.70.184
11.188.140.11
11.177.107.103
11.177.107.121
11.177.107.13
11.177.107.135
11.188.138.245
9.138.64.27
9.138.64.39
9.138.70.104
9.138.70.253
9.4.13.3
100.77.35.33", ,242
FlowBeCallFinishBackSendBG,"11.177.107.6
11.177.107.5", ,238
FlowJubaoPcGetArtical,"100.77.35.33
9.138.64.27
9.4.13.3
9.138.64.39
11.177.107.14
11.188.138.245
9.138.70.104", ,234
FlowQueryTask,9.138.64.45, ,227
FlowBeCallAIArtificialProcess,9.138.64.30, ,225
F10226,"11.177.107.135
9.138.70.184
11.177.107.103
11.177.107.121
11.177.107.95
11.177.107.13
11.177.107.15
11.188.138.245
9.138.64.27
11.177.107.14
11.188.140.11
9.138.70.253
100.77.35.33
9.138.64.39
9.138.70.104
9.4.13.3", ,222
FlowBeCallXYUserProducts,9.138.64.30, ,221
FlowBeCallXYBankCall,11.177.107.4, ,217
FlowXYProFileSyncAnswerNewWxPayRecord,"100.77.23.132
100.77.24.198", ,217
FlowBeCallReportProfileDetail,11.177.107.4, ,209
FlowReportRedPointSet4Inner,11.177.107.4, ,207
FlowReportSendMsg,11.177.107.6, ,207
FlowMiniAsyncAddTaskInfo,"11.188.140.11
11.177.107.13
11.177.107.14
11.177.107.121
11.177.107.135
11.188.138.245
11.177.107.15
9.138.70.104
11.177.107.103
9.138.70.253
11.177.107.95
9.138.64.39
9.138.70.184
9.4.13.3
100.77.35.33
9.138.64.27", ,198
FlowMiniUserVipOutCall,"11.177.107.15
11.177.107.14
11.177.107.121
9.138.70.184
11.177.107.135
11.177.107.95
11.188.138.245
100.77.35.33
11.177.107.103
11.177.107.13
9.138.64.39
9.138.70.104
9.138.70.253
9.138.64.27
9.4.13.3
11.188.140.11", ,193
FlowPixUiAPPFAQJump,"9.138.64.159
11.177.107.14
9.138.70.184
11.177.107.95
11.177.107.135
11.188.140.11
11.177.107.121
11.177.107.15
11.177.107.103
9.138.64.27
9.4.13.3
11.177.107.13
11.188.138.245
9.138.64.39
100.77.35.33
9.138.70.104
9.138.70.253", ,178
FlowBeCallCDKWxchange,"11.177.107.9
11.177.107.10", ,177
FlowQQMiniCDKExchange,"11.177.107.95
11.177.107.135
11.188.138.245
11.177.107.14
11.188.140.11
11.177.107.121
11.177.107.13
11.177.107.103
9.138.70.184
9.138.64.27
11.177.107.15
9.138.64.39
100.77.35.33
9.138.70.253
9.138.70.104
9.4.13.3", ,177
FlowBeCallReportSenceJumpWx,11.177.107.5, ,174
FlowTXSPSaveVedio,9.4.13.40, ,173
SMARTFLOW,"9.107.140.138
100.112.158.116
11.177.107.9
9.138.64.22
11.177.107.49
9.138.64.37", ,168
FlowWXSatisfaction,"11.177.107.15
9.138.70.184
11.177.107.95
11.188.138.245
11.177.107.103
11.177.107.14
9.138.64.39
11.177.107.121
9.138.70.253
100.77.35.33
9.138.70.104
11.188.140.11
9.4.13.3
11.177.107.13
11.177.107.135
9.138.64.27", ,166
FlowAPPSurVey,"11.177.107.15
11.177.107.121
11.177.107.14
11.177.107.13
11.177.107.95
11.188.138.245
9.138.70.184
11.177.107.103
11.177.107.135
11.188.140.11
9.138.64.27
9.4.13.3
9.138.64.39
100.77.35.33
9.138.70.253
9.138.70.104", ,163
FlowWXKFWPGetAccuinGroup,"9.56.19.33
11.177.106.21", ,158
FlowMiniSendMsg,"11.177.107.13
11.188.140.11
11.177.107.95
11.188.138.245
11.177.107.103
11.177.107.15
11.177.107.121
11.177.107.135
9.4.13.3
11.177.107.14
9.138.64.27
9.138.70.184
100.77.35.33
9.138.64.39
9.138.70.104
9.138.70.253", ,138
FlowWXKFWPSetAgenidGroup,"9.56.19.33
11.177.106.21", ,122
FlowYPUserAuthorize,"11.177.107.13
11.177.107.121
11.177.107.103
11.177.107.95
11.188.140.11
11.177.107.14
11.177.107.15
9.138.64.27
9.4.13.3
100.77.35.33
11.188.138.245
9.138.64.39
9.138.70.184
9.138.70.253
11.177.107.135
9.138.70.104", ,120
FlowTXSPAuthRight,"11.188.138.245
9.138.70.184
9.138.70.253
11.177.107.14
11.177.107.13
11.177.107.103
11.177.107.95
11.177.107.121
11.188.140.11
9.138.64.39
11.177.107.135
11.177.107.15
9.138.70.104
100.77.35.33
9.138.64.27
9.4.13.3", ,112
F10235,"11.177.107.121
11.177.107.13
11.177.107.135
11.177.107.15
11.188.140.11
11.177.107.103
11.177.107.95
11.188.138.245
9.138.70.184
11.177.107.14
9.138.70.104
9.138.70.253
9.4.13.3
100.77.35.33
9.138.64.27
9.138.64.39", ,111
FlowQQMiniTaiBenExemptA,"11.177.107.15
11.188.138.245
11.177.107.135
11.177.107.14
11.188.140.11
11.177.107.103
11.177.107.121
11.177.107.13
9.138.64.27
100.77.35.33
11.177.107.95
9.4.13.3
9.138.64.39
9.138.70.184
9.138.70.253
9.138.70.104", ,107
FlowCmdCreatForms,"100.77.35.33
9.4.13.3", ,103
FlowGetInnerVipInfo,"9.56.19.17
9.138.64.18", ,96
FlowIvrSyncSaveProblemInfo,"11.177.107.135
11.188.140.11
11.177.107.14
11.177.107.95
11.177.107.121
9.138.70.184
11.177.107.13
11.177.107.15
11.188.138.245
9.138.64.27
9.138.70.253
100.77.35.33
9.138.64.39
9.138.70.104
9.4.13.3
11.177.107.103", ,96
FlowTXSPGetRspList,"9.138.64.18
9.56.19.17", ,96
F10241,"11.177.107.13
11.177.107.15
11.177.107.95
11.177.107.121
11.188.138.245
9.138.70.184
11.177.107.103
11.188.140.11
11.177.107.135
100.77.35.33
9.138.64.39
9.138.70.104
9.138.70.253
11.177.107.14
9.138.64.27
9.4.13.3", ,95
FlowWxTimeTransfer,"11.177.107.121
11.177.107.13
11.177.107.103
11.177.107.14
11.177.107.15
11.177.107.95
9.138.64.27
100.77.35.33
11.177.107.135
9.138.70.184
9.138.70.253
11.188.138.245
9.138.70.104
11.188.140.11
9.138.64.39", ,94
FlowH5WxTaiBenExemptA,"11.177.107.121
9.138.70.184
9.4.13.3
11.177.107.103
11.177.107.13
11.188.138.245
11.177.107.14
9.138.70.253
11.188.140.11
11.177.107.135
100.77.35.33
9.138.70.104
11.177.107.15
11.177.107.95
9.138.64.39
9.138.64.27", ,91
FlowLctCreateTask,"100.122.192.171
100.122.203.169
100.122.202.236
100.123.78.217
100.122.204.73
100.123.55.86
100.123.77.11
100.122.183.38
100.123.78.222
100.123.79.162", ,88
FlowMiniWxRecoverPassword,"9.138.70.184
11.177.107.13
11.177.107.135
11.177.107.14
11.177.107.95
11.177.107.121
11.177.107.103
11.188.138.245
11.177.107.15
9.138.70.104
11.188.140.11
9.138.64.39
9.4.13.3
100.77.35.33
9.138.64.27
9.138.70.253", ,86
FlowImcAIMakeSession,"9.56.19.17
9.138.64.18", ,85
FlowWXTaskInfoPC,"11.177.107.13
11.177.107.14
11.177.107.103
11.188.140.11
11.177.107.135
11.177.107.95
9.138.70.104
9.138.64.39
11.188.138.245
9.138.70.184
9.138.70.253
100.77.35.33
11.177.107.15
9.4.13.3
11.177.107.121
9.138.64.27", ,83
FlowBeCallGetHxVip,10.165.0.34, ,79
FlowWXIPOManager,"9.138.64.20
9.46.36.171
9.138.64.37", ,78
FlowTXSPCloseRoom,"11.177.107.121
11.177.107.95
9.138.70.184
11.177.107.135
11.177.107.15
11.188.138.245
11.188.140.11
9.4.13.3
100.77.35.33
11.177.107.13
11.177.107.14
9.138.70.104
11.177.107.103
9.138.64.27
9.138.64.39
9.138.70.253", ,76
FlowTXSPCreatRoom,"11.177.107.103
11.177.107.121
11.177.107.135
11.177.107.15
11.177.107.95
11.177.107.14
11.188.138.245
11.188.140.11
9.138.70.184
9.138.70.104
100.77.35.33
11.177.107.13
9.138.64.27
9.138.64.39
9.138.70.253", ,74
FlowTXSPWhiteList,"9.138.70.184
11.177.107.135
11.177.107.14
11.177.107.13
11.177.107.121
11.177.107.15
100.77.35.33
11.177.107.95
11.188.140.11
9.138.64.39
11.177.107.103
11.188.138.245
9.138.64.27
9.138.70.104
9.138.70.253", ,74
FlowGetIDCardOCRInfo,"11.177.107.103
11.177.107.95
11.188.138.245
11.177.107.13
11.188.140.11
11.177.107.135
11.177.107.14
11.177.107.121
11.177.107.15
9.138.64.39
9.138.70.104
9.138.70.184
100.77.35.33
9.138.70.253
9.4.13.3
9.138.64.27", ,65
FlowBeCallXYArtificial,9.138.64.30, ,62
FlowPixUiAPPSaveProblemInfo,"11.177.107.103
9.138.64.27
11.177.107.14
9.138.64.159
9.4.13.3
11.177.107.121
11.177.107.95
9.138.70.253
11.177.107.13
11.177.107.135
11.188.138.245
9.138.70.104
9.138.70.184
100.77.35.33
11.177.107.15
9.138.64.39
11.188.140.11", ,61
FlowWXH5SurVey,"11.177.107.135
11.177.107.103
11.177.107.121
11.177.107.13
11.188.140.11
11.177.107.14
11.177.107.95
11.177.107.15
9.138.64.27
9.4.13.3
100.77.35.33
11.188.138.245
9.138.64.39
9.138.70.104
9.138.70.184
9.138.70.253", ,50
FlowWXAntiWashMoney,"11.177.107.13
11.177.107.121
11.177.107.15
11.188.138.245
9.138.70.184
11.177.107.103
11.177.107.95
9.138.64.27
9.4.13.3
11.177.107.135
11.177.107.14
11.188.140.11
9.138.64.39
100.77.35.33
9.138.70.104
9.138.70.253", ,47
FlowKingGlorySaveProblemInfo,"11.177.107.15
11.188.140.11
11.177.107.95
11.177.107.103
11.177.107.135
9.138.70.253
11.188.138.245
11.177.107.13
11.177.107.14
9.138.64.27
9.138.64.39
9.138.70.184
100.77.35.33
11.177.107.121
9.138.70.104
9.4.13.3", ,46
FlowPixUiNobilityChgSupply,"11.177.107.121
11.177.107.95
11.177.107.15
11.188.140.11
9.138.70.253
11.177.107.13
11.177.107.103
11.177.107.135
11.177.107.14
11.188.138.245
9.138.64.39
9.138.70.184
100.77.35.33
9.138.64.27
9.138.70.104
9.4.13.3", ,46
FlowBeCallAsyncSaveProblemInfo,"11.177.106.26
11.177.106.25", ,44
FlowQQMiniTaiBenExemptSaveProblem,"11.177.107.14
11.177.107.121
11.177.107.135
11.188.140.11
9.138.70.184
11.177.107.13
11.177.107.95
11.177.107.103
11.177.107.15
9.138.64.39
9.138.70.104
9.4.13.3
100.77.35.33
11.188.138.245
9.138.64.27", ,44
FlowCftHKWallet,"11.177.107.4
9.138.64.36
11.177.107.31
9.138.64.30
9.138.64.38
11.177.107.27", ,40
FlowReportAddInfoTaskFinish,"11.177.107.6
11.177.107.9", ,40
CmdCurlSo,"11.177.106.6
11.177.106.7
9.138.64.37
11.177.107.5", ,33
FlowBeCallYPSendWxMsg,"11.177.107.6
11.177.107.5", ,33
FlowQQMiniToolsgetbanrecord,"11.188.138.245
11.177.107.103
11.177.107.121
11.177.107.14
11.188.140.11
100.77.35.33
11.177.107.13
11.177.107.15
9.138.64.39
9.138.70.184
9.138.70.253
9.4.13.3", ,33
FlowQQMiniToolsgetdevinfo,"11.188.140.11
11.177.107.103
11.177.107.14
11.177.107.95
11.188.138.245
11.177.107.121
11.177.107.13
9.138.64.39
9.138.70.253
11.177.107.135
9.138.64.27
9.138.70.104
9.138.70.184
9.4.13.3", ,33
FlowPixUiReportCodeMsg,"11.177.107.103
11.177.107.13
11.188.140.11
100.77.35.33
11.177.107.15
11.177.107.95
11.188.138.245
11.177.107.135
9.138.70.184
11.177.107.121
9.138.64.27
9.138.70.253
9.4.13.3", ,32
FlowKFAsyncTaskManager,9.138.64.20, ,31
FlowMiniLogReport2,"11.177.107.13
11.177.107.15
11.177.107.95
9.138.70.184
11.177.107.103
11.177.107.135
11.177.107.14
9.138.70.253
11.177.107.121
11.188.138.245
11.188.140.11
9.138.64.39
9.138.70.104
9.4.13.3", ,30
CmdKFWxPayInfo,"11.177.106.6
11.177.106.7
9.138.64.36
9.138.64.38", ,29
FlowSaveRelationComm,"11.177.107.14
11.177.107.13
11.177.107.135
100.77.35.33
11.177.107.103
11.177.107.121
11.177.107.95
11.188.138.245
11.188.140.11
9.138.64.39
11.177.107.15
9.138.64.27
9.138.70.184
9.138.70.253", ,28
FlowMiniConfPlateformQueryTransBeforeCancel,9.138.64.30, ,27
FlowReportServeList4Pc,"100.77.35.33
9.138.64.27
9.4.13.3
9.138.64.39", ,27
CmdMobileRegistration,"9.138.64.173
11.177.107.27
11.177.107.31", ,25
FlowMiniGetGjConfig,"11.177.107.135
11.177.107.15
11.177.107.95
11.177.107.103
11.177.107.13
11.188.138.245
9.138.64.27
9.138.64.39
9.138.70.253
11.177.107.121
11.177.107.14
11.188.140.11
9.138.70.104", ,25
FlowWXHallList,"11.177.107.15
11.177.107.95
9.4.13.3
11.177.107.13
11.177.107.135
11.188.140.11
9.138.70.253
11.177.107.121
11.177.107.14
9.138.70.184", ,25
FlowMiniAntiCheatReport,"11.188.138.245
11.177.107.15
11.177.107.135
11.177.107.14
11.177.107.95
9.138.70.184
11.188.140.11
9.138.70.253
9.4.13.3", ,24
FlowBeCallXYCftQuery,11.177.107.4, ,23
FlowQQMiniGetPraiseAndScanCount,"11.188.138.245
11.177.107.103
11.177.107.15
11.177.107.121
11.177.107.13
11.177.107.14
11.188.140.11
100.77.35.33
11.177.107.135
11.177.107.95
9.138.64.27
9.138.70.184", ,23
FlowSGH5ZoneCheck,"11.177.107.14
11.177.107.13
11.177.107.15
11.188.138.245
100.77.35.33
11.177.107.95
9.4.13.3
11.177.107.103
11.177.107.121
11.177.107.135
9.138.70.104", ,23
CmdGetWxInfo,"11.177.106.6
11.177.106.7
9.138.64.38
9.138.64.37
11.177.107.31
11.177.107.5
9.138.64.36", ,22
CmdQQGroupAppeal,"9.138.64.38
9.138.64.36", ,21
FlowMiniConfPlateformQueryUserInfoByCmd,9.138.64.30, ,20
FlowShangMenSaveProblemInfo,"11.177.106.51
11.177.106.56", ,20
CmdWxInfo,"9.138.64.34
9.138.64.38
9.138.70.62
11.177.107.27
11.177.107.31
9.138.64.36", ,19
FlowBeCallCftReplace,"9.4.13.39
11.177.107.4", ,19
FlowWXBanH5FaceResult,"9.4.13.40
9.4.13.39", ,19
F10243,"11.177.107.135
11.177.107.13
9.138.70.184
100.77.35.33
11.177.107.103
11.177.107.121
11.177.107.14
9.138.64.39
9.138.70.104", ,18
FlowIvrSendDxInfoNew,9.138.64.22, ,18
FlowMiniWXBanJudge,"11.177.107.14
11.177.107.135
11.188.138.245
11.188.140.11
9.138.70.104
9.4.13.3
11.177.107.103
11.177.107.121
11.177.107.15
9.138.64.27", ,18
FlowIPVoiceSyncFAQJump,"100.77.35.33
11.188.138.245
11.177.107.103
9.138.64.39
9.138.70.184
11.177.107.121
11.177.107.135
11.177.107.14
11.177.107.15
9.138.64.27", ,17
FlowMiniQQTowerBanjudge,"100.77.35.33
11.177.107.13
11.177.107.15
11.188.138.245
9.138.70.184
11.177.107.103
11.177.107.121
11.177.107.135
11.177.107.95
11.188.140.11
9.138.70.104
9.4.13.3", ,17
FlowQQMiniTaiBenFuncBanScenes,"11.177.107.13
11.177.107.121
11.188.138.245
100.77.35.33
11.177.107.103
11.177.107.14
11.177.107.95
11.188.140.11
9.138.64.27
9.138.64.39
9.138.70.104", ,17
FlowWXBanH5FaceCheck,"100.77.35.33
11.188.138.245
11.177.107.121
11.177.107.13
11.177.107.14
11.177.107.103
11.177.107.135
11.177.107.15
11.177.107.95
11.188.140.11", ,17
FlowWXDealDelayTask,11.177.106.6, ,17
FlowYPTCQueryProblemCaseList,"11.177.107.121
11.177.107.15
11.188.140.11
9.138.70.184
11.177.107.135
11.177.107.14", ,17
FlowH5WxTaiBenExemptSaveProblem,"11.177.107.16
11.177.107.17
11.177.107.15
11.177.107.14
11.188.140.11
9.138.70.184
9.138.70.253
9.4.13.3", ,16
FlowWXBanTaiBen,"11.177.107.121
11.177.107.15
100.77.35.33
11.177.107.135
11.177.107.14
9.138.64.39
11.188.140.11
9.138.70.184", ,16
FlowWXKFWPTaskHangUp,"9.56.19.33
11.177.106.21", ,15
FlowShangMenGetReservaNum,"11.177.107.15
11.188.138.245
9.138.64.39
9.138.70.184
11.177.107.103
11.177.107.135
11.177.107.14
11.177.107.95
11.188.140.11
9.138.64.27", ,14
FlowQueryKGUserInfo,"9.138.64.30
11.177.107.27
11.177.107.31", ,13
FlowReportCreateWxAcode,"9.138.64.27
9.4.13.3
9.138.64.39
100.77.35.33", ,13
FlowIPOKGGetGameData,"9.138.64.30
11.177.107.31
11.177.107.27", ,12
FlowMiniAntiCheat,"11.177.107.15
9.138.70.184
11.188.140.11
11.177.107.135
11.177.107.14
11.177.107.95
9.138.70.104", ,12
FlowMiniGetInnerVipInfo,"11.177.107.15
11.177.107.14
100.77.35.33
11.188.138.245
11.188.140.11
9.138.64.39
9.138.70.104
9.138.70.184
9.138.70.253", ,12
FlowWXPayRecord,"11.177.107.135
11.177.107.14
11.188.140.11
11.177.107.13
11.177.107.15
11.188.138.245
9.138.64.27
9.138.64.39
9.138.70.253", ,12
FlowLOLFengHao,"11.188.138.245
11.177.107.135
9.138.70.184
11.177.107.103
11.177.107.121
11.177.107.14
11.177.107.15", ,11
FlowYPSecondBigData,"11.188.140.11
9.4.13.3
11.177.107.121
11.177.107.13
11.177.107.135
11.177.107.95
11.188.138.245
9.138.64.27
9.138.70.184", ,11
FlowAIUnknownStatus,9.138.64.20, ,10
FlowBeCallWXUnBantoMysql,"9.138.70.195
9.138.70.9", ,10
FlowRepairAsyncTaskFinish,9.138.64.20, ,10
FlowWXBanH5UnBan,"11.177.107.13
11.177.107.14
11.177.107.15
9.138.64.39
100.77.35.33
9.4.13.3", ,10
FlowWXIPOManagerHistory,9.46.36.171, ,10
FlowXYProFileSyncChangeLimitBetter,"100.77.23.132
100.77.24.198", ,10
FlowYPMiniGetNickAndHead,"11.188.138.245
11.177.107.121
11.177.107.13
11.177.107.15
11.177.107.95
9.138.64.39
9.138.70.253
9.4.13.3", ,10
FlowIPVoiceSyncSaveProblemInfo,"11.177.107.95
11.177.107.103
11.177.107.121
11.177.107.14
11.177.107.15
11.188.140.11
9.138.64.39
9.138.70.184", ,9
FlowYPTCQueryTopicHotData,"11.177.107.15
11.177.107.135
11.188.138.245
11.177.107.103
9.138.70.104", ,9
F10249,"9.4.13.3
11.177.107.103
11.177.107.121
11.188.140.11
9.138.64.39
9.138.70.184", ,8
FlowBeCallGetNickAndHeadFromSSDB,"11.177.107.10
11.177.107.39
11.177.107.40
11.177.107.41
11.177.107.43
9.138.64.30
9.138.64.69
9.138.70.166", ,8
FlowBeCallGetNickAndHeadFromUrl,"11.177.107.10
11.177.107.39
11.177.107.40
11.177.107.41
11.177.107.43
9.138.64.30
9.138.64.69
9.138.70.166", ,8
FlowBeCallSetNickAndHeadFromSSDB,"11.177.107.10
11.177.107.39
11.177.107.40
11.177.107.41
11.177.107.43
9.138.64.30
9.138.64.69
9.138.70.166", ,8
FlowQQPersonRecom,"11.188.138.245
11.177.107.103
11.177.107.121
11.177.107.13
11.177.107.135
9.138.64.27
9.138.70.104", ,8
FlowSOCALLWechatAccountInfo,11.177.107.4, ,8
FlowSendWXMsg,9.138.64.45, ,8
FlowSiPayMchThingTransportInfo,9.138.64.30, ,8
FlowXYProFileSelectRealAuthority,"100.77.24.198
100.77.23.132", ,8
FlowXYProFileSyncQQWXLogin,"100.77.23.132
100.77.24.198", ,8
F10231,"11.188.138.245
11.177.107.15
9.138.64.39
9.138.70.184
9.138.70.253", ,7
F10236,"100.77.35.33
11.177.107.121
11.177.107.13
11.177.107.135
11.177.107.14
11.188.140.11
9.4.13.3", ,7
FlowAntiWashMoneyQQSaveProblemInfo,"9.138.70.184
11.177.107.121
11.177.107.15
11.177.107.95
9.4.13.3", ,7
FlowBeCallWxAccountBindJudge,9.138.64.30, ,7
FlowBeCallXYAnswerHB,11.177.107.4, ,7
FlowLolRankInfo,"11.177.107.31
11.177.107.27", ,7
FlowMiniPredictionV2,"11.188.138.245
11.177.107.121
11.177.107.135
11.188.140.11
9.138.70.184", ,7
FlowWxPaySafeInfo,"9.138.64.36
9.138.64.38", ,7
CmdGetPostOptInfo,9.138.64.36, ,6
FlowBeCallGetMxdlVip,10.165.0.34, ,6
FlowBeCallLctLossNotify,"11.177.107.6
11.177.107.5", ,6
FlowBeCallWxQueryAppealInfo,9.138.64.30, ,6
FlowBeCallZMGetAllAccount,9.138.64.30, ,6
FlowIPOKGReAppeal,9.138.64.30, ,6
FlowIPOKGSendResult,9.138.64.30, ,6
FlowIPOKingGloryGameJudgeMulti,9.138.64.30, ,6
FlowIPOWxPassWordFoundModule,9.138.64.30, ,6
FlowKGGetInnerGameVip,9.138.64.30, ,6
FlowRiskUserGateway,11.177.107.4, ,6
FlowSiPayMchInfoQuery,"9.138.64.30
9.138.64.37", ,6
FlowWXTrueNameAuth,"11.177.107.103
11.177.107.13
11.177.107.15
11.177.107.95
9.138.64.39
9.138.70.253", ,6
